Time,EEG
0,55.68191528
0.002,-54.69313049
0.004,-41.90240479
0.006,33.80004501
0.008,125.0659866
0.01,123.4533539
0.012,108.0919189
0.014,98.73161316
0.016,40.50469208
0.018,46.93924332
0.02,101.7630539
0.022,76.45011902
0.024,69.75462341
0.026,158.8678741
0.028,-4.097005367
0.03,-25.42710495
0.032,-47.33287811
0.034,-41.65805435
0.036,17.27607727
0.038,32.03372192
0.04,-41.73814011
0.042,11.68983364
0.044,5.791394234
0.046,-91.03826904
0.048,-187.3054962
0.05,-157.8935394
0.052,-179.2719727
0.054,-215.4888458
0.056,-183.2498627
0.058,-41.72565842
0.06,-54.03523254
0.062,23.14922523
0.064,-21.8470192
0.066,-55.0473671
0.068,-131.885025
0.07,-91.215065
0.072,-62.69641495
0.074,52.84550095
0.076,49.34849548
0.078,-46.29476929
0.08,-38.16363525
0.082,-21.19606972
0.084,140.4325562
0.086,82.35932159
0.088,-46.75637436
0.09,-58.09566498
0.092,-68.84197998
0.094,-0.174362004
0.096,26.13731766
0.098,9.277353287
0.1,-5.763161659
0.102,12.63487625
0.104,38.68509293
0.106,27.98562813
0.108,48.30296326
0.11,52.45631409
0.112,87.46297455
0.114,73.84308624
0.116,102.8084412
0.118,33.54613495
0.12,65.15444183
0.122,38.14014816
0.124,44.04092407
0.126,65.9493103
0.128,-20.29250526
0.13,-57.66714859
0.132,-45.54128647
0.134,-8.029250145
0.136,73.33769989
0.138,-57.7481575
0.14,-49.67941284
0.142,-65.98931122
0.144,-47.17472839
0.146,-22.61654663
0.148,-144.4061127
0.15,-139.5933228
0.152,-102.3511505
0.154,-84.44824982
0.156,-106.2358093
0.158,-110.9089584
0.16,-178.312912
0.162,-93.97451782
0.164,-204.2347107
0.166,-70.39757538
0.168,-150.060257
0.17,-107.4272766
0.172,-114.6548386
0.174,-62.99369431
0.176,-230.2088928
0.178,-271.9995422
0.18,-210.6145935
0.182,-152.0257111
0.184,-177.4852142
0.186,-209.7789001
0.188,-148.4621735
0.19,-21.35436249
0.192,-41.89911652
0.194,-97.48832703
0.196,-213.9265442
0.198,-194.3971252
0.2,-161.5032196
0.202,-201.265274
0.204,-286.6616211
0.206,-207.2363281
0.208,-99.41281128
0.21,-126.0220642
0.212,-23.78330994
0.214,0.171532273
0.216,-47.39091492
0.218,-84.26108551
0.22,-99.04134369
0.222,-78.86882782
0.224,-58.36816788
0.226,-43.47257614
0.228,-50.53313446
0.23,-119.1398392
0.232,-72.44583893
0.234,47.09494781
0.236,-61.31728363
0.238,-110.4419861
0.24,39.64859009
0.242,10.38430309
0.244,-42.34282303
0.246,-36.82403183
0.248,-11.68313217
0.25,-90.76676941
0.252,-109.0018234
0.254,-68.15259552
0.256,54.63727951
0.258,20.56918144
0.26,79.75482178
0.262,-32.38282394
0.264,-46.62327576
0.266,7.723829269
0.268,-2.942715406
0.27,-41.10393143
0.272,-86.94455719
0.274,-30.60903931
0.276,59.92002487
0.278,82.64041138
0.28,11.15809631
0.282,-86.91676331
0.284,-155.47995
0.286,-140.0272064
0.288,-140.8483734
0.29,-50.75675964
0.292,70.86533356
0.294,7.510475636
0.296,18.34104156
0.298,2.082408428
0.3,-19.76264381
0.302,-46.53688812
0.304,-128.5329742
0.306,-89.2829361
0.308,-120.9962997
0.31,-83.36448669
0.312,-108.0511017
0.314,-64.90087128
0.316,-49.03094101
0.318,-40.17840576
0.32,26.86881065
0.322,73.61090088
0.324,65.43489075
0.326,87.86076355
0.328,-43.13700485
0.33,-105.3247833
0.332,-118.5812912
0.334,71.92799377
0.336,37.12405014
0.338,-159.6346436
0.34,-106.3430862
0.342,-142.4274902
0.344,-48.7779007
0.346,41.09397125
0.348,68.04367065
0.35,-54.52080917
0.352,-1.92265594
0.354,71.26560974
0.356,136.5770874
0.358,57.90355301
0.36,-28.40097427
0.362,33.08671951
0.364,36.18435669
0.366,138.5156708
0.368,77.5047226
0.37,59.57909393
0.372,177.6960449
0.374,194.7758484
0.376,256.8670349
0.378,173.8690491
0.38,78.06838989
0.382,121.13134
0.384,152.6021423
0.386,134.2420349
0.388,112.867363
0.39,74.95198059
0.392,83.65701294
0.394,92.44620514
0.396,141.990097
0.398,74.71782684
0.4,125.8014679
0.402,94.20742035
0.404,96.09445953
0.406,114.8529129
0.408,13.57537174
0.41,-42.33304977
0.412,-15.48607635
0.414,-54.67485428
0.416,-1.558129549
0.418,-15.00154591
0.42,-22.78337288
0.422,-119.753212
0.424,6.428486824
0.426,31.18588829
0.428,68.64156342
0.43,21.88592148
0.432,-32.72137451
0.434,-122.8604507
0.436,-123.3476486
0.438,-137.5624542
0.44,-62.80897903
0.442,-59.97999573
0.444,-97.94332123
0.446,-60.10289001
0.448,-16.09888458
0.45,-47.74185562
0.452,-103.3136826
0.454,-92.79756927
0.456,-39.36007309
0.458,-4.395948887
0.46,35.49580383
0.462,48.09027481
0.464,-7.335234165
0.466,-68.05164337
0.468,-76.03601074
0.47,-76.54684448
0.472,-38.66025543
0.474,-10.56760502
0.476,-56.49637985
0.478,-60.32052612
0.48,-42.07406235
0.482,-91.36997223
0.484,-67.8039856
0.486,5.407339573
0.488,103.1087341
0.49,143.1837921
0.492,66.78490448
0.494,53.76847458
0.496,104.4653549
0.498,124.7915421
0.5,20.82365417
0.502,29.54283714
0.504,79.03207397
0.506,47.72822571
0.508,-87.16907501
0.51,-120.3326492
0.512,26.80223274
0.514,-9.493927956
0.516,101.380806
0.518,42.27696609
0.52,94.92370605
0.522,102.2711411
0.524,166.0584717
0.526,97.38220978
0.528,50.18096924
0.53,-3.025666714
0.532,-22.1774826
0.534,-0.55157584
0.536,-25.8980217
0.538,-90.22224426
0.54,-35.22935486
0.542,33.71172333
0.544,34.00510025
0.546,-44.64979553
0.548,8.54537487
0.55,-86.68251801
0.552,-28.64299965
0.554,-8.844517708
0.556,-8.228827477
0.558,-87.58956146
0.56,-140.4913177
0.562,-77.7366333
0.564,-79.32142639
0.566,-52.38210678
0.568,-55.11772537
0.57,-99.07616425
0.572,-159.9495087
0.574,-191.4696198
0.576,-126.6215897
0.578,-67.99517059
0.58,-52.40884781
0.582,-43.01254272
0.584,-146.8773651
0.586,-90.91941071
0.588,-7.4797616
0.59,58.2401619
0.592,96.7095108
0.594,51.72777557
0.596,61.59462738
0.598,32.05170441
0.6,10.02334213
0.602,-3.457092762
0.604,-30.08078194
0.606,59.35507584
0.608,165.0733185
0.61,191.7406769
0.612,197.3661194
0.614,240.7465057
0.616,228.9461975
0.618,175.1914215
0.62,188.9315643
0.622,198.1378174
0.624,219.305191
0.626,122.0530624
0.628,85.00527954
0.63,137.5884857
0.632,108.0368805
0.634,142.6254578
0.636,104.1206436
0.638,313.4583435
0.64,238.9944
0.642,196.7450714
0.644,181.8472748
0.646,143.3571014
0.648,72.42172241
0.65,152.3020477
0.652,41.62826157
0.654,-3.827163935
0.656,11.37163353
0.658,91.11257935
0.66,52.889431
0.662,112.5978012
0.664,47.91456223
0.666,29.55067444
0.668,15.77343941
0.67,125.7072678
0.672,131.3731995
0.674,87.38713074
0.676,-38.09381104
0.678,-75.35624695
0.68,28.96914291
0.682,-86.4180069
0.684,-81.9630661
0.686,-65.69012451
0.688,-13.42859173
0.69,19.98026085
0.692,23.90609932
0.694,-17.39752579
0.696,-48.60186386
0.698,27.22421837
0.7,-2.547230959
0.702,4.232554913
0.704,46.56459427
0.706,117.120079
0.708,88.79335785
0.71,41.54053116
0.712,1.378719687
0.714,45.52932739
0.716,93.02088165
0.718,63.12288284
0.72,27.7526741
0.722,70.86877441
0.724,37.72216415
0.726,-15.14216995
0.728,6.662665367
0.73,-22.71931076
0.732,-42.0288887
0.734,-9.554589272
0.736,-34.68571472
0.738,-29.95188713
0.74,-107.3592072
0.742,-92.72866058
0.744,-55.47305679
0.746,-66.78129578
0.748,-132.5709839
0.75,-55.70926285
0.752,-75.06063843
0.754,-41.37945557
0.756,-19.68042564
0.758,27.94992828
0.76,101.1428146
0.762,69.14094543
0.764,20.57250786
0.766,-28.72493935
0.768,-66.2580719
0.77,-31.70754051
0.772,-21.89728355
0.774,-77.25024414
0.776,-34.83751678
0.778,-130.274231
0.78,-144.9406281
0.782,-93.59376526
0.784,-55.40276718
0.786,-94.66365814
0.788,-83.28309631
0.79,-92.1363678
0.792,-93.31529999
0.794,-152.7738647
0.796,-96.04875946
0.798,-36.42339325
0.8,-1.12996757
0.802,12.65640259
0.804,-44.16506577
0.806,-23.63581085
0.808,-79.05775452
0.81,-86.83078766
0.812,-126.4820557
0.814,-102.4239426
0.816,-135.1430817
0.818,-106.3664398
0.82,-150.1417999
0.822,-103.1580124
0.824,-38.41106415
0.826,-105.5900726
0.828,-74.40609741
0.83,2.031853437
0.832,70.88046265
0.834,19.60206604
0.836,-6.399851322
0.838,-19.15740585
0.84,-28.15208244
0.842,-116.7013016
0.844,-111.5473709
0.846,-175.6964264
0.848,-122.7756042
0.85,-0.757517278
0.852,31.62661934
0.854,-28.6610527
0.856,-82.70275116
0.858,-65.48550415
0.86,-67.94249725
0.862,-71.56993103
0.864,-85.15908051
0.866,-92.28239441
0.868,-14.99952888
0.87,11.09206009
0.872,-10.6199646
0.874,-5.989850521
0.876,20.10656166
0.878,-22.81199074
0.88,-113.1276627
0.882,-138.2299957
0.884,-97.48371124
0.886,-118.8889999
0.888,-86.2090683
0.89,-37.12529373
0.892,68.235672
0.894,61.8494072
0.896,40.3453598
0.898,34.62766647
0.9,52.691185
0.902,-57.08824539
0.904,-33.22973633
0.906,40.1307373
0.908,0.938739359
0.91,-76.48342896
0.912,-8.05356884
0.914,57.55620956
0.916,141.1994934
0.918,47.82504654
0.92,-17.88085175
0.922,57.34873581
0.924,19.14030075
0.926,-27.8371067
0.928,20.04030991
0.93,-12.66360188
0.932,-71.26114655
0.934,-72.77145386
0.936,-53.59989929
0.938,-58.11102676
0.94,-98.79310608
0.942,3.40690589
0.944,-11.46950626
0.946,-8.871098518
0.948,25.49038506
0.95,-98.70746613
0.952,-2.384547234
0.954,50.70756531
0.956,101.2617569
0.958,183.9284363
0.96,139.5665283
0.962,39.32160187
0.964,40.6517868
0.966,14.21613121
0.968,-48.46290207
0.97,10.5755291
0.972,6.401776314
0.974,40.1014061
0.976,0.119686916
0.978,-21.69543266
0.98,1.604350209
0.982,30.22338295
0.984,9.096921921
0.986,99.12796783
0.988,72.19982147
0.99,63.51929855
0.992,45.18984604
0.994,49.15037155
0.996,44.14162445
0.998,49.93912125
1,47.48753738
1.002,-43.3276062
1.004,-65.66919708
1.006,-74.53625488
1.008,-23.24432945
1.01,0.446899414
1.012,81.33409119
1.014,90.42029572
1.016,119.917099
1.018,59.74729538
1.02,55.17943573
1.022,83.11663818
1.024,123.0871506
1.026,141.8257599
1.028,58.63831329
1.03,72.95825958
1.032,30.75634003
1.034,49.63134766
1.036,30.82883835
1.038,22.35646629
1.04,80.12902832
1.042,68.36952209
1.044,-15.53084469
1.046,-23.98148918
1.048,-47.42443085
1.05,-17.93554306
1.052,-58.91649246
1.054,-87.89463806
1.056,-79.04685974
1.058,-44.46759415
1.06,-12.13484192
1.062,42.29317474
1.064,-23.77767754
1.066,41.4604187
1.068,54.42718124
1.07,18.60024452
1.072,-57.8045578
1.074,-47.22578812
1.076,30.08724785
1.078,49.16072845
1.08,8.202395439
1.082,-11.27247715
1.084,59.3098793
1.086,88.30039215
1.088,56.00328445
1.09,22.06268883
1.092,114.5329971
1.094,104.9973373
1.096,76.3757782
1.098,-32.60375595
1.1,-15.56823635
1.102,112.8721542
1.104,109.9354248
1.106,94.1578064
1.108,162.5342407
1.11,126.4157715
1.112,42.92457199
1.114,64.1921463
1.116,62.37428284
1.118,118.1439209
1.12,47.40678787
1.122,-22.82087135
1.124,116.7727127
1.126,83.89589691
1.128,-12.26353455
1.13,80.36762238
1.132,173.7288513
1.134,165.7965393
1.136,111.8522186
1.138,-20.63394737
1.14,-51.98024368
1.142,-40.53816223
1.144,-9.000370979
1.146,52.24274063
1.148,-1.949944615
1.15,22.17858124
1.152,100.2071609
1.154,88.36785126
1.156,32.16452408
1.158,8.814644814
1.16,15.1684351
1.162,62.87620544
1.164,28.1406517
1.166,-18.34507942
1.168,-55.44855118
1.17,-43.99199295
1.172,-85.34490967
1.174,-65.6448822
1.176,-55.66472244
1.178,-87.77498627
1.18,-197.5349121
1.182,-202.8652802
1.184,-174.5599976
1.186,-131.4321899
1.188,-169.0918579
1.19,-141.6831512
1.192,-113.124115
1.194,-105.9736252
1.196,-8.310661316
1.198,26.49361992
1.2,33.27415466
1.202,-16.86931038
1.204,-58.94776917
1.206,-110.007019
1.208,-128.4831238
1.21,-90.14644623
1.212,37.90393448
1.214,57.01697159
1.216,-58.07979584
1.218,-134.6412201
1.22,-38.56756592
1.222,-26.33923531
1.224,-91.64802551
1.226,-77.85159302
1.228,-72.40605164
1.23,100.5652847
1.232,171.6819458
1.234,160.5712585
1.236,42.68547821
1.238,-16.31187439
1.24,48.7504921
1.242,-36.77477264
1.244,-0.575204253
1.246,37.97052765
1.248,15.93778801
1.25,26.36671829
1.252,61.62680817
1.254,63.28102493
1.256,107.2303848
1.258,132.4092407
1.26,110.5766907
1.262,-10.8371563
1.264,-72.06694794
1.266,-92.63826752
1.268,-8.261203766
1.27,11.87049007
1.272,55.31808472
1.274,37.00061798
1.276,44.22252655
1.278,28.88615608
1.28,-19.82719231
1.282,-27.96383476
1.284,-75.91781616
1.286,-45.00204849
1.288,-33.2620697
1.29,-132.1782227
1.292,-193.6851196
1.294,-239.9882507
1.296,-158.1018372
1.298,-109.7017899
1.3,-133.0699921
1.302,-95.10868073
1.304,-62.83677292
1.306,-113.5215454
1.308,-157.567749
1.31,-162.2725983
1.312,-154.7080078
1.314,-169.477951
1.316,-130.6336365
1.318,-114.5232468
1.32,-166.7050934
1.322,-210.7113953
1.324,-373.8317871
1.326,-374.2537231
1.328,-324.456543
1.33,-241.9163055
1.332,-178.4789581
1.334,-133.7423096
1.336,-160.139801
1.338,-154.5297546
1.34,-121.7766495
1.342,-166.4702454
1.344,-39.799366
1.346,-2.934186459
1.348,-66.45919037
1.35,-87.97219086
1.352,-85.532547
1.354,-112.7366257
1.356,-74.38531494
1.358,-100.7728958
1.36,-41.56130981
1.362,-5.944309711
1.364,62.69120407
1.366,102.8512802
1.368,124.210701
1.37,89.01202393
1.372,128.293457
1.374,96.1776886
1.376,61.32643127
1.378,169.740387
1.38,84.76117706
1.382,153.2265625
1.384,194.120697
1.386,183.7063751
1.388,85.74519348
1.39,68.94527435
1.392,104.9077988
1.394,94.85916138
1.396,37.82054901
1.398,56.01174545
1.4,87.90200806
1.402,59.22423935
1.404,-1.167938113
1.406,-79.38813019
1.408,-85.44166565
1.41,-65.08985138
1.412,-82.14025879
1.414,-87.45922089
1.416,-39.21858215
1.418,-55.50862122
1.42,-84.93489838
1.422,-137.4967499
1.424,-86.74208832
1.426,-49.43006516
1.428,-74.79971313
1.43,-155.9576111
1.432,-148.1221924
1.434,-75.23628998
1.436,14.01081848
1.438,35.72019196
1.44,114.7589874
1.442,97.33638
1.444,28.90317726
1.446,-55.10291672
1.448,-42.22037125
1.45,5.009309769
1.452,50.44986725
1.454,-65.30948639
1.456,-22.50717545
1.458,-32.0123558
1.46,-30.58815956
1.462,12.22399235
1.464,8.214604378
1.466,37.32509232
1.468,58.14320755
1.47,-12.18862057
1.472,-78.63990784
1.474,-73.0878067
1.476,17.73521996
1.478,55.92672348
1.48,119.7037048
1.482,118.464241
1.484,33.7372818
1.486,-6.560561657
1.488,-26.81802177
1.49,-38.41638947
1.492,-25.07039452
1.494,-58.04012299
1.496,-41.25606537
1.498,27.84877777
1.5,80.17217255
1.502,145.6530151
1.504,93.54908752
1.506,72.92250061
1.508,2.599522591
1.51,-14.55940819
1.512,15.51178741
1.514,79.60494232
1.516,64.33946228
1.518,71.20094299
1.52,20.98552322
1.522,74.31188965
1.524,94.23361969
1.526,150.0119781
1.528,145.4283905
1.53,127.4023666
1.532,59.20731354
1.534,54.93571472
1.536,62.68197632
1.538,118.9899292
1.54,161.5437012
1.542,169.7998199
1.544,180.5028381
1.546,197.1813965
1.548,172.6131592
1.55,174.857254
1.552,20.18959618
1.554,7.170592308
1.556,47.69185638
1.558,136.4733124
1.56,131.7371674
1.562,44.79073334
1.564,86.94223785
1.566,144.4566803
1.568,169.9059601
1.57,128.6701965
1.572,103.2995148
1.574,76.44517517
1.576,84.99149323
1.578,86.12297058
1.58,85.56168365
1.582,43.56207275
1.584,29.63951111
1.586,35.52838516
1.588,67.36795044
1.59,125.3476028
1.592,67.22592926
1.594,-36.63250351
1.596,-40.49411774
1.598,-13.26601601
1.6,36.88270569
1.602,66.71863556
1.604,27.1363163
1.606,15.75204849
1.608,72.17149353
1.61,49.57905579
1.612,77.4638443
1.614,78.01483917
1.616,132.5955963
1.618,76.0610199
1.62,11.70729256
1.622,15.49131775
1.624,42.6282196
1.626,-14.79645729
1.628,-8.527462006
1.63,136.76651
1.632,229.6096344
1.634,231.0714111
1.636,220.1520844
1.638,114.0255661
1.64,60.97582626
1.642,55.20970535
1.644,58.86214066
1.646,77.89241028
1.648,105.1949234
1.65,124.4773178
1.652,159.348877
1.654,114.0606461
1.656,71.0344162
1.658,81.22045135
1.66,48.50788879
1.662,16.43960571
1.664,11.70755291
1.666,-28.25421715
1.668,-75.22608948
1.67,-33.84523392
1.672,-11.72537708
1.674,8.228204727
1.676,57.46452713
1.678,60.78390884
1.68,77.11524963
1.682,63.72608185
1.684,27.8911438
1.686,6.046118736
1.688,-25.88259125
1.69,-55.10054398
1.692,-55.44088745
1.694,-84.96595764
1.696,-16.85593414
1.698,-10.00385094
1.7,6.548183441
1.702,-7.168113708
1.704,-41.68701172
1.706,-92.79026031
1.708,-126.5734711
1.71,-57.735466
1.712,-27.91730881
1.714,-34.55796814
1.716,-18.81968117
1.718,-25.21938133
1.72,30.71802521
1.722,81.76856232
1.724,75.44941711
1.726,75.21733856
1.728,-16.31301498
1.73,5.684411526
1.732,62.35015488
1.734,106.7795944
1.736,101.468689
1.738,24.7299118
1.74,67.40480042
1.742,99.36891174
1.744,97.28749084
1.746,80.69250488
1.748,-52.54516983
1.75,-29.15830612
1.752,66.06127167
1.754,119.1146698
1.756,105.0854263
1.758,123.3321381
1.76,217.175415
1.762,242.1858673
1.764,175.8829956
1.766,96.76465607
1.768,75.03404236
1.77,82.89588165
1.772,75.19254303
1.774,96.72848511
1.776,102.0415115
1.778,39.48013687
1.78,119.5117188
1.782,117.6027985
1.784,139.690155
1.786,64.32551575
1.788,82.96318054
1.79,38.75524902
1.792,46.17252731
1.794,184.0431061
1.796,134.5676575
1.798,119.8068771
1.8,53.30369568
1.802,17.26114273
1.804,14.27627277
1.806,40.93933868
1.808,46.3828392
1.81,15.38808346
1.812,-80.84133911
1.814,-89.16520691
1.816,-87.43953705
1.818,-69.45903778
1.82,12.82019806
1.822,87.60732269
1.824,88.41491699
1.826,20.58145714
1.828,-62.91974258
1.83,-94.79679108
1.832,-78.12393951
1.834,-57.12004089
1.836,-26.3872757
1.838,11.17155266
1.84,-26.55878258
1.842,2.177664995
1.844,22.71020126
1.846,11.40573978
1.848,35.25160599
1.85,15.09459782
1.852,36.95372772
1.854,-31.56855583
1.856,-93.36312103
1.858,-15.06191635
1.86,-49.35786819
1.862,-73.06800842
1.864,-84.42811584
1.866,-59.32386398
1.868,-60.14760971
1.87,-85.87368011
1.872,-93.71870422
1.874,-67.34355927
1.876,-90.96206665
1.878,-56.53368378
1.88,7.770876408
1.882,53.51134491
1.884,23.69987488
1.886,23.9328804
1.888,68.71800995
1.89,86.49518585
1.892,86.8057785
1.894,54.49185944
1.896,12.20075035
1.898,-8.138624191
1.9,-30.55480003
1.902,-71.07543182
1.904,-77.85302734
1.906,-39.61994553
1.908,-27.59851265
1.91,-8.401312828
1.912,37.29220963
1.914,25.29940414
1.916,33.19318771
1.918,22.73231125
1.92,21.65407944
1.922,32.758255
1.924,33.07651138
1.926,48.61609268
1.928,20.59423065
1.93,14.79510498
1.932,40.23452759
1.934,53.09406662
1.936,53.78474426
1.938,36.25326157
1.94,-0.977316022
1.942,-40.21929169
1.944,-170.0197144
1.946,-209.8986511
1.948,-132.871582
1.95,-70.47639465
1.952,-22.92959404
1.954,-20.93269348
1.956,-55.30348969
1.958,36.87751389
1.96,11.83061409
1.962,-16.71899986
1.964,58.28050232
1.966,72.74169922
1.968,17.65854645
1.97,93.41494751
1.972,140.9607391
1.974,117.6051407
1.976,140.7130737
1.978,136.7367554
1.98,105.2268906
1.982,116.4695511
1.984,124.0102692
1.986,36.42616653
1.988,53.21479034
1.99,92.04703522
1.992,147.6654205
1.994,110.9294968
1.996,0.251646817
1.998,-54.50191498
2,-47.85066223
2.002,-132.5475464
2.004,-65.51811981
2.006,57.59549332
2.008,83.42835999
2.01,92.87809753
2.012,62.67254639
2.014,4.877716541
2.016,-14.81291866
2.018,-59.8863945
2.02,-84.51841736
2.022,-84.46656036
2.024,-104.3069916
2.026,-76.05446625
2.028,35.26663208
2.03,110.2782745
2.032,63.94591141
2.034,15.69660568
2.036,6.129994392
2.038,-11.170825
2.04,59.99259949
2.042,106.2687149
2.044,112.4687271
2.046,104.8889236
2.048,111.0274582
2.05,151.9473267
2.052,148.5916138
2.054,120.3189621
2.056,106.4268723
2.058,105.085968
2.06,123.6206665
2.062,110.3137741
2.064,106.029747
2.066,130.7580261
2.068,130.8243561
2.07,153.387207
2.072,190.8672333
2.074,170.3508606
2.076,160.5371094
2.078,138.0146332
2.08,64.91503906
2.082,39.30004501
2.084,6.546591282
2.086,-9.324861526
2.088,21.35268211
2.09,12.2688427
2.092,17.75537491
2.094,-75.59539795
2.096,-135.9835052
2.098,-195.1876526
2.1,-184.209259
2.102,-191.437912
2.104,-201.6224518
2.106,-111.0413971
2.108,-78.76163483
2.11,-61.57264328
2.112,-69.13937378
2.114,-75.43132782
2.116,-59.32797241
2.118,-31.21452713
2.12,1.644226432
2.122,-9.231287956
2.124,29.79461479
2.126,74.55297089
2.128,40.99921799
2.13,-41.39411163
2.132,-61.58784103
2.134,-46.6542244
2.136,-42.40130997
2.138,-28.22827148
2.14,10.15392971
2.142,73.81159973
2.144,84.08759308
2.146,81.76021576
2.148,46.83628082
2.15,31.60059929
2.152,6.017617226
2.154,-58.20107269
2.156,-53.4949913
2.158,-100.1239319
2.16,-139.9564667
2.162,-239.9915314
2.164,-270.4742737
2.166,-167.866806
2.168,-164.8841095
2.17,-141.6809387
2.172,-183.1386566
2.174,-136.2476501
2.176,-75.73454285
2.178,-97.2130127
2.18,-88.19277191
2.182,-1.479762673
2.184,60.0957756
2.186,22.37738037
2.188,91.52800751
2.19,145.7828674
2.192,109.5113068
2.194,89.30630493
2.196,67.99069977
2.198,132.8395081
2.2,173.3980865
2.202,132.3978424
2.204,74.5591507
2.206,15.03967571
2.208,117.0488434
2.21,112.1734238
2.212,77.09443665
2.214,0.186626151
2.216,-8.545028687
2.218,43.3467598
2.22,84.60886383
2.222,66.18128204
2.224,12.53389168
2.226,-47.1647644
2.228,21.23151588
2.23,42.50748444
2.232,68.98074341
2.234,-23.75191879
2.236,-19.55034637
2.238,-42.3864212
2.24,-53.62034988
2.242,-43.76606369
2.244,-58.9583931
2.246,-111.8433304
2.248,-47.52318573
2.25,0.417904615
2.252,-11.53881454
2.254,-49.2053566
2.256,-38.11912155
2.258,-55.59323883
2.26,51.74072647
2.262,62.7024765
2.264,-16.07934189
2.266,14.00518417
2.268,-22.30348969
2.27,32.65530014
2.272,11.16726685
2.274,-46.16809845
2.276,-28.79915428
2.278,-59.14778519
2.28,-140.3496399
2.282,-130.072525
2.284,-137.0201263
2.286,-60.08901596
2.288,-59.75078583
2.29,-66.8661499
2.292,-28.66452599
2.294,41.14471817
2.296,-18.27526283
2.298,41.58707809
2.3,38.76428604
2.302,-7.208700657
2.304,-29.13015366
2.306,-36.07579422
2.308,-67.39831543
2.31,-122.803009
2.312,-112.1785049
2.314,-46.90725708
2.316,-2.259258509
2.318,-30.90614128
2.32,-50.13622284
2.322,-72.10913086
2.324,-129.2765961
2.326,-162.1134644
2.328,-190.2783203
2.33,-226.16716
2.332,-122.6312637
2.334,-82.22364807
2.336,-80.82854462
2.338,-184.8091736
2.34,-122.7421646
2.342,-112.3772507
2.344,-188.4836578
2.346,-240.2451935
2.348,-322.3717957
2.35,-213.7276764
2.352,-185.6090546
2.354,-176.3782959
2.356,-159.0121155
2.358,-223.6502991
2.36,-182.3251343
2.362,-164.7719269
2.364,-173.7913513
2.366,-111.3534546
2.368,-130.6628876
2.37,-160.0872192
2.372,-234.8724518
2.374,-146.7123413
2.376,-110.660675
2.378,-89.91323853
2.38,-120.8873444
2.382,-181.9763336
2.384,-225.477356
2.386,-267.4278564
2.388,-271.3203735
2.39,-205.1380768
2.392,-107.162941
2.394,-120.514328
2.396,-201.5478973
2.398,-180.168396
2.4,-131.7762909
2.402,-181.8983917
2.404,-213.0180054
2.406,-155.9142151
2.408,-158.3942108
2.41,-211.3990936
2.412,-178.5319977
2.414,-230.782135
2.416,-89.0054245
2.418,-35.82459259
2.42,-54.42095566
2.422,-17.34631348
2.424,-19.08223724
2.426,-2.692959547
2.428,-3.720557928
2.43,30.02363586
2.432,-14.54341316
2.434,-63.83378601
2.436,-55.26916504
2.438,18.6288166
2.44,39.37910843
2.442,63.42186737
2.444,73.23829651
2.446,22.21515465
2.448,22.30995369
2.45,-19.70716286
2.452,-18.92602158
2.454,-31.34545326
2.456,11.98630142
2.458,2.556175709
2.46,1.292080164
2.462,-56.00840759
2.464,-3.928143978
2.466,-109.4400482
2.468,-16.42636871
2.47,36.85419464
2.472,62.38027573
2.474,19.39679909
2.476,17.96242714
2.478,19.73072433
2.48,-5.543431282
2.482,-6.209373474
2.484,69.01123047
2.486,70.41539764
2.488,102.0109406
2.49,69.40452576
2.492,90.57525635
2.494,95.00325775
2.496,72.25577545
2.498,113.7121964
2.5,92.65491486
2.502,29.30095863
2.504,66.72399902
2.506,31.68778801
2.508,74.18313599
2.51,68.44444275
2.512,-17.99539948
2.514,37.69857788
2.516,130.980423
2.518,123.1805801
2.52,59.80072403
2.522,61.37984848
2.524,79.39778137
2.526,21.28494263
2.528,18.40163803
2.53,85.96305847
2.532,131.3645935
2.534,109.628685
2.536,150.3547211
2.538,116.0265274
2.54,61.81807709
2.542,68.22771454
2.544,128.6598969
2.546,89.23181915
2.548,141.6968079
2.55,154.0486145
2.552,170.3001862
2.554,110.4883881
2.556,-24.46968079
2.558,25.3732357
2.56,61.81793976
2.562,45.70772934
2.564,76.67247772
2.566,124.333847
2.568,101.466629
2.57,108.8028488
2.572,72.52497864
2.574,38.22614288
2.576,-22.84086418
2.578,-17.24177742
2.58,9.865956306
2.582,13.64391422
2.584,5.957148552
2.586,-25.62094116
2.588,-29.32881355
2.59,-42.5520134
2.592,-28.28745651
2.594,-37.00711823
2.596,-104.9584656
2.598,-113.4925461
2.6,-11.44586086
2.602,19.66238976
2.604,32.86488342
2.606,-34.87601089
2.608,-55.17620087
2.61,-39.9847641
2.612,27.49747658
2.614,42.98538208
2.616,24.47293854
2.618,11.78601933
2.62,-64.83984375
2.622,-19.03838539
2.624,-60.64110565
2.626,-151.3168335
2.628,-66.05066681
2.63,-4.756169796
2.632,48.03977966
2.634,15.28847122
2.636,-37.03392792
2.638,-46.2142334
2.64,-45.60521698
2.642,5.230808258
2.644,10.15512657
2.646,25.47805786
2.648,92.74758911
2.65,121.9546738
2.652,160.4293213
2.654,179.3357086
2.656,140.5935669
2.658,132.2879028
2.66,171.9562531
2.662,153.7568207
2.664,124.5150909
2.666,120.2448654
2.668,63.31618881
2.67,144.3130646
2.672,152.1624298
2.674,159.7006683
2.676,136.5920715
2.678,20.99709702
2.68,-4.028198242
2.682,101.0995483
2.684,97.23682404
2.686,80.46060181
2.688,55.73377991
2.69,91.00817108
2.692,168.9872742
2.694,146.2539673
2.696,112.89888
2.698,155.067688
2.7,103.3194962
2.702,154.5261841
2.704,155.928421
2.706,111.2843704
2.708,61.94449615
2.71,52.49180984
2.712,73.85733032
2.714,66.03011322
2.716,73.76447296
2.718,63.60447311
2.72,76.35331726
2.722,35.96958542
2.724,51.00651169
2.726,-18.28150368
2.728,88.0631485
2.73,44.50443649
2.732,104.8077621
2.734,56.23591232
2.736,8.915769577
2.738,-0.457246214
2.74,7.588861942
2.742,-34.85123444
2.744,-47.72086334
2.746,-48.96528244
2.748,-130.9542694
2.75,-99.22163391
2.752,-45.88283157
2.754,47.04444885
2.756,126.9990082
2.758,-3.279481411
2.76,-69.6485672
2.762,-63.91416168
2.764,-1.855321407
2.766,25.40420914
2.768,-25.52785492
2.77,-15.37098598
2.772,27.13764572
2.774,23.82627869
2.776,58.05422211
2.778,52.04570389
2.78,4.674828529
2.782,10.33896351
2.784,115.7392654
2.786,124.1745148
2.788,54.09978104
2.79,82.52619171
2.792,74.70620728
2.794,70.28987122
2.796,-1.32517004
2.798,-9.288103104
2.8,-78.52462006
2.802,7.192234993
2.804,127.4955063
2.806,69.38920593
2.808,39.31883621
2.81,31.12226868
2.812,83.07814026
2.814,123.4229507
2.816,137.5295258
2.818,96.42103577
2.82,131.8896332
2.822,145.3148499
2.824,191.8452148
2.826,269.2728577
2.828,184.5575714
2.83,188.8174896
2.832,228.7404938
2.834,172.9467468
2.836,131.0875854
2.838,170.2847595
2.84,184.0030975
2.842,258.812561
2.844,185.3773041
2.846,62.60549164
2.848,46.12378311
2.85,-59.21033478
2.852,65.24189758
2.854,91.49689484
2.856,94.36000824
2.858,78.40864563
2.86,37.40702438
2.862,136.1688995
2.864,102.7627258
2.866,84.70207214
2.868,24.68251801
2.87,-11.63085938
2.872,30.76541328
2.874,32.12016296
2.876,71.78942871
2.878,72.12978363
2.88,-24.57830429
2.882,37.02628326
2.884,56.32219315
2.886,113.9116669
2.888,98.28849792
2.89,109.6457291
2.892,110.5540771
2.894,52.41637039
2.896,9.13478756
2.898,46.89202881
2.9,20.3638916
2.902,-2.028048754
2.904,2.194103003
2.906,-29.18378448
2.908,-19.79313469
2.91,20.94321442
2.912,13.9378767
2.914,-41.56983566
2.916,-54.9876442
2.918,-40.99526596
2.92,-16.36521339
2.922,34.53787994
2.924,-26.56316948
2.926,-34.98779297
2.928,19.97375679
2.93,24.73844147
2.932,83.60160065
2.934,62.08420563
2.936,11.25350571
2.938,62.27638245
2.94,76.45929718
2.942,66.22103882
2.944,13.17647457
2.946,-2.893992662
2.948,-21.88809204
2.95,7.397357464
2.952,-22.81418419
2.954,10.1418047
2.956,32.24311066
2.958,-0.814547658
2.96,6.701066494
2.962,-17.07257843
2.964,-43.17303467
2.966,44.48167801
2.968,122.7105713
2.97,151.6852875
2.972,124.1366119
2.974,-3.045929909
2.976,-97.28012848
2.978,-120.1087112
2.98,-151.3799286
2.982,-199.9633026
2.984,-149.6413574
2.986,-110.7346573
2.988,-91.74221039
2.99,-81.53575897
2.992,-143.535141
2.994,-222.3340302
2.996,-222.2216034
2.998,-163.0649719
3,-57.03111267
3.002,-20.77417374
3.004,20.96032906
3.006,-35.29802704
3.008,-48.86313629
3.01,-93.21977997
3.012,-54.78384781
3.014,-63.31257248
3.016,-25.64876366
3.018,-10.43325806
3.02,-14.09087563
3.022,-31.77156067
3.024,12.90348911
3.026,11.81120777
3.028,8.635100365
3.03,27.61706543
3.032,61.38600922
3.034,28.5369854
3.036,-36.17788696
3.038,-22.61821938
3.04,-43.07083511
3.042,1.817630053
3.044,-74.69399261
3.046,-28.51050949
3.048,-54.66651154
3.05,-124.7232513
3.052,-43.07625198
3.054,8.820516586
3.056,71.57907104
3.058,10.01286316
3.06,40.71248627
3.062,77.89698029
3.064,23.65162468
3.066,-45.85309601
3.068,-118.695961
3.07,-106.3108673
3.072,-93.95687103
3.074,-40.05860901
3.076,5.629584789
3.078,66.72109985
3.08,87.22138214
3.082,103.0656052
3.084,7.92955637
3.086,-34.58691406
3.088,-102.5064926
3.09,-30.10633087
3.092,-38.1123848
3.094,-171.3373108
3.096,-110.0849152
3.098,-65.47253418
3.1,-21.81762886
3.102,-68.39076996
3.104,-0.999131978
3.106,-37.19189835
3.108,-37.57891083
3.11,-83.52091217
3.112,4.193433762
3.114,39.30278778
3.116,88.71701813
3.118,72.28944397
3.12,16.57518005
3.122,109.1730728
3.124,167.322876
3.126,160.5161438
3.128,115.9228134
3.13,96.15853882
3.132,78.85585785
3.134,56.29877853
3.136,35.76541901
3.138,44.42638779
3.14,49.56290817
3.142,53.47262192
3.144,-10.59530354
3.146,8.163583755
3.148,-99.8086853
3.15,-150.3303833
3.152,-138.0521393
3.154,-88.78299713
3.156,-21.26767349
3.158,-10.05416298
3.16,48.92234039
3.162,5.584735394
3.164,-46.85529327
3.166,-18.76807785
3.168,-30.4188385
3.17,6.222845554
3.172,-29.8309021
3.174,-14.64861107
3.176,4.135777473
3.178,-75.04347992
3.18,-68.69955444
3.182,-41.42744064
3.184,12.43201351
3.186,70.4128418
3.188,86.99311829
3.19,63.90450287
3.192,43.94535828
3.194,55.35253525
3.196,-13.48982906
3.198,5.832132339
3.2,-11.08776951
3.202,45.52627945
3.204,39.21134186
3.206,41.45543289
3.208,1.965423226
3.21,-37.84716415
3.212,-68.83542633
3.214,2.912516832
3.216,104.6302567
3.218,188.3765259
3.22,157.9779816
3.222,137.6057587
3.224,122.7184677
3.226,41.79885864
3.228,-12.72012138
3.23,-2.719695091
3.232,-17.01846695
3.234,-51.97393036
3.236,37.76522827
3.238,38.15649414
3.24,3.445733786
3.242,33.62233734
3.244,89.16600037
3.246,62.126194
3.248,61.41161728
3.25,63.0714798
3.252,74.32151794
3.254,99.20711517
3.256,97.19294739
3.258,117.1190414
3.26,105.6358566
3.262,91.78502655
3.264,45.26425934
3.266,60.07489014
3.268,105.7269287
3.27,77.58538055
3.272,161.5235901
3.274,155.0846863
3.276,104.0479889
3.278,64.52674103
3.28,118.2081604
3.282,153.4863129
3.284,69.56575012
3.286,59.86992264
3.288,41.04492188
3.29,18.16925621
3.292,-11.84025288
3.294,-18.3784523
3.296,-31.3426609
3.298,-35.63517761
3.3,-16.13010406
3.302,36.30699539
3.304,70.67321014
3.306,74.15203094
3.308,88.39055634
3.31,4.938662052
3.312,23.86087799
3.314,-3.138351679
3.316,7.856717587
3.318,-33.68228531
3.32,-85.3875351
3.322,-72.15419769
3.324,-17.87225723
3.326,17.98902893
3.328,12.49913502
3.33,21.7776947
3.332,30.7980423
3.334,29.10974693
3.336,-1.481573701
3.338,-9.654458046
3.34,6.983714581
3.342,25.17718697
3.344,68.7128067
3.346,63.85714722
3.348,51.47622681
3.35,32.51302719
3.352,-1.816539526
3.354,-17.76601219
3.356,-81.83097839
3.358,-108.572876
3.36,-87.58269501
3.362,-57.01942825
3.364,-83.92698669
3.366,-111.9952774
3.368,-74.25154114
3.37,-52.9383316
3.372,-71.61573029
3.374,-47.87674332
3.376,-78.34752655
3.378,-86.56334686
3.38,-28.18629837
3.382,-9.629715919
3.384,-35.22455597
3.386,-78.17410278
3.388,-62.02359772
3.39,-91.19918823
3.392,-78.25572968
3.394,-120.803421
3.396,-98.8130188
3.398,-91.05464935
3.4,-60.51477432
3.402,-24.69221687
3.404,-9.076715469
3.406,-159.4052734
3.408,-76.95487213
3.41,-116.0342407
3.412,-178.0228729
3.414,-173.0398712
3.416,-139.1813049
3.418,-114.788826
3.42,-117.8753433
3.422,-128.8328094
3.424,-218.4108429
3.426,-150.1038513
3.428,-105.1536102
3.43,-87.26377869
3.432,-88.61253357
3.434,4.712825298
3.436,76.43606567
3.438,79.72167969
3.44,66.18392181
3.442,79.93300629
3.444,84.96935272
3.446,76.78684998
3.448,133.7300873
3.45,113.5085373
3.452,140.1257019
3.454,165.6128387
3.456,233.4551697
3.458,201.1396484
3.46,175.5910034
3.462,163.8886719
3.464,152.5123596
3.466,139.2306976
3.468,134.2881012
3.47,213.4550476
3.472,215.6720734
3.474,234.7682495
3.476,223.2576294
3.478,192.3390198
3.48,110.5336761
3.482,132.1022034
3.484,83.92687225
3.486,-1.249538064
3.488,17.75472832
3.49,150.9882507
3.492,210.1248016
3.494,204.7174072
3.496,184.5594177
3.498,112.9195023
3.5,105.4210129
3.502,132.0267334
3.504,133.3152466
3.506,102.6747589
3.508,65.48247528
3.51,81.90080261
3.512,79.17855835
3.514,84.46490479
3.516,92.09547424
3.518,79.12981415
3.52,61.96622467
3.522,63.9743309
3.524,87.421875
3.526,102.776886
3.528,40.50933838
3.53,50.85459137
3.532,94.45032501
3.534,72.12223816
3.536,-2.870718956
3.538,-13.56467915
3.54,-11.32649899
3.542,5.288469315
3.544,34.57558441
3.546,81.29998016
3.548,82.12225342
3.55,85.99845123
3.552,71.5111618
3.554,-56.89896011
3.556,-141.1402588
3.558,-174.2307281
3.56,-144.3865509
3.562,-63.11876297
3.564,-11.6675787
3.566,-22.75061607
3.568,-16.03869438
3.57,-151.6211548
3.572,-119.2964706
3.574,-59.56523132
3.576,-19.94252396
3.578,6.105578423
3.58,-21.0531311
3.582,-7.661980152
3.584,49.37942123
3.586,39.34032822
3.588,32.15857315
3.59,-36.54557037
3.592,22.03611565
3.594,94.23103333
3.596,114.9438095
3.598,78.31747437
3.6,90.02884674
3.602,95.52625275
3.604,47.37827301
3.606,78.97827148
3.608,141.3805237
3.61,119.4955978
3.612,161.1158447
3.614,211.4364929
3.616,179.1381683
3.618,180.1851196
3.62,150.7639008
3.622,78.76919556
3.624,59.87267685
3.626,79.84062195
3.628,36.19440842
3.63,30.93103409
3.632,-0.334710628
3.634,5.373399258
3.636,90.52088165
3.638,204.2234802
3.64,131.2958374
3.642,86.42142487
3.644,21.31864548
3.646,-2.623894691
3.648,97.45875549
3.65,102.7633057
3.652,115.0628128
3.654,8.244582176
3.656,-8.361066818
3.658,13.21779156
3.66,-12.46999645
3.662,-57.43580246
3.664,-48.54715347
3.666,-43.96604919
3.668,-43.2129097
3.67,28.16532898
3.672,-24.25633812
3.674,-104.8919601
3.676,-126.4988327
3.678,-62.5706749
3.68,-49.34733963
3.682,-79.9040451
3.684,-89.47941589
3.686,-87.06030273
3.688,-105.3123169
3.69,-58.69454193
3.692,-60.25117874
3.694,-39.93941498
3.696,-70.55034637
3.698,-139.8132172
3.7,-147.9216003
3.702,-140.5681152
3.704,-120.7176208
3.706,-185.0450745
3.708,-85.42699432
3.71,-56.12994003
3.712,-39.5819664
3.714,-56.17310715
3.716,-86.30741882
3.718,-57.18325424
3.72,37.89937592
3.722,59.20547867
3.724,22.33012199
3.726,29.10685539
3.728,20.85295868
3.73,-18.89691162
3.732,3.38690114
3.734,29.35306549
3.736,-74.5370636
3.738,-30.79883957
3.74,-59.99374008
3.742,-74.79418182
3.744,-29.52443886
3.746,-62.21004486
3.748,-49.14316559
3.75,-49.10744095
3.752,-29.33774567
3.754,-92.96666718
3.756,-95.25072479
3.758,-11.66540813
3.76,66.36898041
3.762,-18.29381561
3.764,-63.87298965
3.766,-27.18080711
3.768,-18.89625359
3.77,-80.28800964
3.772,-120.3709183
3.774,-130.0558929
3.776,-108.0533142
3.778,-113.5631561
3.78,-134.1503754
3.782,-160.4925232
3.784,-117.6820679
3.786,-121.2771072
3.788,-138.2395782
3.79,-109.7043381
3.792,-95.47622681
3.794,-165.8668976
3.796,-122.3151169
3.798,-113.1348877
3.8,-151.4854584
3.802,-122.5180054
3.804,-107.9888687
3.806,-79.01565552
3.808,-100.0044937
3.81,-80.76506042
3.812,-100.7114334
3.814,-148.3525085
3.816,-243.436676
3.818,-326.6034851
3.82,-366.4889221
3.822,-329.5539551
3.824,-293.2750549
3.826,-293.8224487
3.828,-200.6999512
3.83,-196.4981232
3.832,-250.1534119
3.834,-316.1595764
3.836,-328.7704468
3.838,-345.1171875
3.84,-318.8370667
3.842,-311.3658142
3.844,-296.1105957
3.846,-317.6418762
3.848,-321.4803772
3.85,-322.835907
3.852,-304.0319824
3.854,-275.8924255
3.856,-241.6372528
3.858,-183.2280884
3.86,-225.2276306
3.862,-215.2192078
3.864,-198.499939
3.866,-166.8878021
3.868,-228.898819
3.87,-228.5597992
3.872,-180.0065308
3.874,-93.47436523
3.876,-121.5572739
3.878,-153.8192291
3.88,-159.7239075
3.882,-101.0053635
3.884,-93.81571198
3.886,-134.7380981
3.888,-129.3840637
3.89,-87.47239685
3.892,-57.14208603
3.894,-49.3728981
3.896,-49.81030273
3.898,-144.6464844
3.9,-164.9488068
3.902,-197.9637299
3.904,-189.8932037
3.906,-202.646637
3.908,-162.5692902
3.91,-22.01076126
3.912,-63.23168945
3.914,-90.25650787
3.916,-101.5178528
3.918,-133.2034912
3.92,-170.0169678
3.922,-161.8307495
3.924,-89.84851074
3.926,-80.27251434
3.928,-65.29743958
3.93,-38.62109375
3.932,8.351585388
3.934,-79.38171387
3.936,-180.2604065
3.938,-241.8212433
3.94,-211.2841034
3.942,-112.1410522
3.944,-140.1629639
3.946,-130.8986206
3.948,-143.6331177
3.95,-166.5228577
3.952,-149.1615906
3.954,-128.7468719
3.956,-94.22212219
3.958,-38.75779724
3.96,-59.53720856
3.962,-79.29563141
3.964,-104.7098694
3.966,-79.45349884
3.968,-113.320694
3.97,-102.9470901
3.972,-50.43156052
3.974,-18.85658264
3.976,-4.403965473
3.978,-21.64186096
3.98,-24.86379814
3.982,-32.22073746
3.984,-7.428420067
3.986,10.29186249
3.988,-59.29138947
3.99,-51.04131317
3.992,-136.6110382
3.994,-82.20631409
3.996,-39.77887344
3.998,-20.40003204
4,36.83836365
4.002,56.01138306
4.004,-2.461598635
4.006,-9.268443108
4.008,-47.31824875
4.01,-99.72410583
4.012,7.609151363
4.014,19.40776634
4.016,169.929184
4.018,107.8771515
4.02,24.53764343
4.022,2.524273872
4.024,83.73404694
4.026,133.7822418
4.028,39.54488754
4.03,55.01455688
4.032,40.09340286
4.034,-26.91994476
4.036,-52.17422104
4.038,-122.1523132
4.04,-152.8497162
4.042,-92.90015411
4.044,-42.76156616
4.046,7.135629654
4.048,34.41766739
4.05,55.29195404
4.052,18.38464355
4.054,-16.41364098
4.056,-38.80513382
4.058,-80.80283356
4.06,-63.29390717
4.062,-38.22986603
4.064,-11.54112911
4.066,16.73899269
4.068,33.67988205
4.07,1.196432829
4.072,-20.52387047
4.074,-33.89443207
4.076,-32.81099701
4.078,-107.9855957
4.08,-175.3619995
4.082,-189.1131439
4.084,-169.8267975
4.086,-115.0386429
4.088,-22.61026192
4.09,-0.987261057
4.092,3.521239042
4.094,-48.38954544
4.096,-96.89509583
4.098,-52.39123535
4.1,-52.53913498
4.102,19.74897003
4.104,-86.13261414
4.106,-7.110622406
4.108,-67.38187408
4.11,-134.5202942
4.112,-86.70874023
4.114,-161.8742828
4.116,-120.897789
4.118,-106.4009399
4.12,-53.29243088
4.122,10.27304745
4.124,19.67089844
4.126,-62.72585678
4.128,-33.70505524
4.13,18.83861923
4.132,112.3088531
4.134,74.18261719
4.136,30.39800453
4.138,-46.03329086
4.14,71.15058899
4.142,115.5576096
4.144,118.4757919
4.146,37.68069839
4.148,-20.11811066
4.15,74.37104034
4.152,124.3161469
4.154,111.6824188
4.156,115.3482742
4.158,111.2837219
4.16,72.39967346
4.162,111.4803848
4.164,78.86856842
4.166,97.26251221
4.168,138.7578583
4.17,74.72827148
4.172,25.23587799
4.174,101.2015686
4.176,116.8658371
4.178,51.4823494
4.18,-28.2097435
4.182,-29.25066185
4.184,51.51019287
4.186,75.47483826
4.188,54.0643692
4.19,49.07785416
4.192,-13.59333611
4.194,-1.012616396
4.196,13.14433384
4.198,3.002717495
4.2,-26.89633369
4.202,-80.07743073
4.204,-49.89088058
4.206,80.66038513
4.208,91.93933105
4.21,19.90332222
4.212,-72.92891693
4.214,-93.24961853
4.216,-48.25443268
4.218,27.90862656
4.22,55.77822113
4.222,19.46019173
4.224,62.10258865
4.226,42.43770981
4.228,8.27215004
4.23,-10.73410606
4.232,-25.46216011
4.234,-25.50975418
4.236,-16.95829964
4.238,-15.43908691
4.24,-16.16912079
4.242,94.56634521
4.244,89.50523376
4.246,63.39223862
4.248,44.72335815
4.25,-44.80734253
4.252,-92.57271576
4.254,-35.41435623
4.256,23.33498955
4.258,77.98177338
4.26,88.0483017
4.262,125.2173004
4.264,106.4303818
4.266,138.2510376
4.268,187.2216339
4.27,104.4565811
4.272,145.574646
4.274,116.1313171
4.276,164.829361
4.278,212.3978577
4.28,181.1300354
4.282,220.5072479
4.284,264.6997375
4.286,214.8587341
4.288,166.388916
4.29,147.5103607
4.292,110.7918167
4.294,27.17376328
4.296,24.38541222
4.298,-16.01301384
4.3,7.02601099
4.302,39.27578354
4.304,54.43566513
4.306,47.90670395
4.308,84.22575378
4.31,186.4066467
4.312,201.8546753
4.314,180.0845947
4.316,179.253479
4.318,55.36887741
4.32,10.35741329
4.322,40.19568634
4.324,108.8869247
4.326,85.19461823
4.328,-1.059355617
4.33,-123.8096848
4.332,-61.95331192
4.334,-26.84485054
4.336,4.09220171
4.338,66.23062134
4.34,13.04100132
4.342,-28.15490913
4.344,-9.234303474
4.346,-67.70090485
4.348,-33.20177078
4.35,14.28196812
4.352,43.11886215
4.354,133.6523132
4.356,161.8579407
4.358,102.449379
4.36,14.97565079
4.362,-20.0943718
4.364,35.69974518
4.366,114.5755615
4.368,120.5796204
4.37,107.3285675
4.372,180.5379486
4.374,182.6897583
4.376,126.8610382
4.378,70.43217468
4.38,79.50354767
4.382,85.80908203
4.384,134.2381744
4.386,152.4110413
4.388,205.8831024
4.39,143.9950409
4.392,91.36659241
4.394,140.2002563
4.396,89.15287018
4.398,90.70540619
4.4,115.706749
4.402,6.528307915
4.404,-53.83059692
4.406,-17.54540825
4.408,-5.423888206
4.41,14.16349888
4.412,-41.66184235
4.414,-55.960186
4.416,18.33324432
4.418,2.678640604
4.42,13.23447609
4.422,39.39538574
4.424,12.25111485
4.426,14.61707497
4.428,31.20263672
4.43,8.566240311
4.432,-112.5426712
4.434,-71.495224
4.436,-2.371820211
4.438,8.381925583
4.44,-31.56889153
4.442,-27.25767136
4.444,11.96682072
4.446,43.33774185
4.448,28.80267906
4.45,39.19615555
4.452,-66.40596771
4.454,32.47063446
4.456,78.33010864
4.458,63.6439476
4.46,12.30293465
4.462,16.15512848
4.464,34.73707581
4.466,42.97706223
4.468,-26.48120689
4.47,-24.72061348
4.472,-15.17955399
4.474,-23.07378197
4.476,5.775775909
4.478,-12.47629452
4.48,49.05270767
4.482,34.14167786
4.484,-66.03470612
4.486,-59.81871033
4.488,-107.7735596
4.49,-13.37047672
4.492,82.63214111
4.494,41.13922119
4.496,24.33155441
4.498,64.20960236
4.5,-6.489557743
4.502,1.178317189
4.504,33.84945297
4.506,-37.64742279
4.508,-18.23760033
4.51,8.176177025
4.512,-37.72987366
4.514,-7.319746494
4.516,-6.419631004
4.518,24.38198471
4.52,59.93289566
4.522,96.12207031
4.524,86.6741333
4.526,102.2781601
4.528,111.5994873
4.53,58.83439255
4.532,18.65390968
4.534,34.08232498
4.536,153.7518158
4.538,97.94138336
4.54,70.84811401
4.542,16.29623413
4.544,-59.83060837
4.546,-77.21247864
4.548,3.069873095
4.55,8.374686241
4.552,26.64619446
4.554,-86.45913696
4.556,-113.9762497
4.558,-91.47062683
4.56,-90.61338043
4.562,-97.81243134
4.564,-48.15608978
4.566,-26.86593246
4.568,-68.34803772
4.57,-177.617569
4.572,-154.975235
4.574,-44.26190567
4.576,59.0327034
4.578,96.13415527
4.58,78.27398682
4.582,45.93579865
4.584,25.32194519
4.586,-32.07592773
4.588,-37.08874512
4.59,-36.07382584
4.592,-0.868016839
4.594,-56.29081345
4.596,-63.68719101
4.598,-75.46717072
4.6,-40.43341827
4.602,-57.47674561
4.604,-66.48042297
4.606,-59.56030273
4.608,35.07664108
4.61,56.67317581
4.612,101.8470612
4.614,130.8263092
4.616,144.9234772
4.618,137.066925
4.62,196.3701172
4.622,92.03381348
4.624,25.8433075
4.626,52.72657394
4.628,60.52890396
4.63,44.04824066
4.632,3.321488142
4.634,4.562149048
4.636,-11.13337994
4.638,2.770385265
4.64,57.49672318
4.642,63.09541702
4.644,-11.85451984
4.646,3.202517509
4.648,28.7657547
4.65,54.83444595
4.652,78.25794983
4.654,119.5516052
4.656,117.052948
4.658,84.90612793
4.66,30.10095024
4.662,9.066336632
4.664,-54.97083282
4.666,-74.29470062
4.668,-23.94813538
4.67,16.59735107
4.672,-4.810435772
4.674,39.21612549
4.676,4.934079647
4.678,-31.67480087
4.68,-85.67929077
4.682,-60.46248245
4.684,7.678277969
4.686,-5.912255287
4.688,-15.74295235
4.69,-31.43190384
4.692,-88.48339081
4.694,-89.2460022
4.696,-52.1600914
4.698,-55.1068306
4.7,-20.79381752
4.702,-31.00354576
4.704,-23.05057144
4.706,-3.21499753
4.708,18.37515259
4.71,69.99825287
4.712,-1.969822645
4.714,21.81254005
4.716,-41.72264481
4.718,-104.5806351
4.72,-110.4670639
4.722,-52.29674149
4.724,-88.86295319
4.726,-106.0877075
4.728,-128.2063293
4.73,-153.0083923
4.732,-39.51496887
4.734,-3.715000391
4.736,82.49910736
4.738,20.95153236
4.74,26.0083828
4.742,-49.1902771
4.744,-9.657572746
4.746,53.57915115
4.748,-17.22101212
4.75,-38.09428024
4.752,-22.02128029
4.754,43.52390289
4.756,83.95835876
4.758,-1.343606114
4.76,-87.72377777
4.762,-86.14328766
4.764,-22.9928112
4.766,-9.469758987
4.768,-21.08048058
4.77,20.01851082
4.772,-1.161551595
4.774,81.37140656
4.776,70.30670166
4.778,17.41375351
4.78,-4.788431168
4.782,-29.26952362
4.784,-55.61037064
4.786,-10.06964207
4.788,-10.15492916
4.79,-64.20258331
4.792,-63.85584641
4.794,-75.74539185
4.796,-95.03961182
4.798,-49.88030624
4.8,27.44520378
4.802,77.53486633
4.804,-19.70454597
4.806,-93.114151
4.808,-49.16394424
4.81,-30.6218071
4.812,-87.04135895
4.814,-104.3651199
4.816,-83.20072937
4.818,-30.10403442
4.82,-47.05937195
4.822,-14.94604588
4.824,-36.24051285
4.826,-43.65907288
4.828,6.755830288
4.83,37.42821503
4.832,13.55830383
4.834,-63.69235611
4.836,-146.5755463
4.838,-108.7582397
4.84,-43.68996429
4.842,39.43185043
4.844,68.86102295
4.846,106.884903
4.848,92.4467926
4.85,87.86312866
4.852,11.66644382
4.854,2.752594709
4.856,42.00019455
4.858,9.997030258
4.86,-1.253282428
4.862,54.68259811
4.864,54.88687897
4.866,32.53370667
4.868,-12.82385921
4.87,19.81859779
4.872,71.333992
4.874,94.06712341
4.876,144.0380859
4.878,67.84686279
4.88,55.00193787
4.882,30.58370399
4.884,135.5853424
4.886,104.5815506
4.888,98.45397949
4.89,152.2181396
4.892,220.1917419
4.894,172.2884369
4.896,133.8796844
4.898,-49.41355133
4.9,-63.50170135
4.902,-43.3960228
4.904,94.05084991
4.906,125.230896
4.908,107.2331543
4.91,46.51470566
4.912,-8.662400246
4.914,-51.48114777
4.916,-172.2028046
4.918,-116.9582901
4.92,-106.3742447
4.922,-176.0179291
4.924,-91.19002533
4.926,-58.10584259
4.928,-148.0345764
4.93,-39.4354248
4.932,-13.65424347
4.934,21.42449188
4.936,-22.41387558
4.938,-105.5036011
4.94,-150.6736603
4.942,-132.6000061
4.944,-137.1369934
4.946,-161.0684052
4.948,-162.8036957
4.95,-180.5405121
4.952,-153.2169037
4.954,-85.57820892
4.956,-75.28540802
4.958,-89.14967346
4.96,-70.2522583
4.962,-135.2993317
4.964,-144.1829071
4.966,-162.4008789
4.968,-100.0454254
4.97,-107.760437
4.972,-145.0454254
4.974,-162.350235
4.976,-142.4066772
4.978,-68.27166748
4.98,-67.96033478
4.982,6.032130241
4.984,58.66788864
4.986,64.95880127
4.988,0.075425491
4.99,-57.38747025
4.992,-41.14976501
4.994,-15.30601311
4.996,-3.740659952
4.998,-8.356719971
5,38.39545059
5.002,43.6668129
5.004,24.21211624
5.006,32.96099472
5.008,-4.79034853
5.01,-50.02348328
5.012,12.72801781
5.014,47.14453888
5.016,50.73620605
5.018,32.97744751
5.02,13.73871708
5.022,16.68300438
5.024,-25.08063126
5.026,-19.44590378
5.028,-15.73893547
5.03,-4.346535683
5.032,-29.62992477
5.034,8.418158531
5.036,10.94106388
5.038,-13.90798569
5.04,-12.40543938
5.042,5.419754982
5.044,-11.23610497
5.046,-66.89354706
5.048,-65.68527222
5.05,-16.72929955
5.052,-17.37394905
5.054,53.88646698
5.056,-30.92909622
5.058,-79.15033722
5.06,10.55362129
5.062,-38.14680862
5.064,2.095481873
5.066,71.47136688
5.068,87.65870667
5.07,148.1345978
5.072,162.4947815
5.074,191.4711914
5.076,164.6294098
5.078,113.5465775
5.08,103.2490005
5.082,188.5920258
5.084,200.7185822
5.086,224.0447998
5.088,125.5593262
5.09,166.7367249
5.092,181.1507874
5.094,160.3907318
5.096,78.07517242
5.098,71.95728302
5.1,148.8060913
5.102,200.6349945
5.104,100.1257477
5.106,48.39660645
5.108,34.01670837
5.11,61.15472794
5.112,117.0562134
5.114,144.0904999
5.116,136.4616089
5.118,144.4526062
5.12,188.6399078
5.122,171.7397156
5.124,252.0635529
5.126,236.7188263
5.128,146.6275024
5.13,107.3087845
5.132,73.92879486
5.134,112.4385147
5.136,17.03724289
5.138,84.34131622
5.14,47.53709793
5.142,61.14589691
5.144,83.6714325
5.146,67.81295776
5.148,66.39954376
5.15,30.35002327
5.152,40.13154602
5.154,28.39015388
5.156,-39.77353668
5.158,-11.47568035
5.16,4.193781853
5.162,22.74955368
5.164,53.64496231
5.166,74.74977112
5.168,76.52020264
5.17,14.49490356
5.172,3.49796629
5.174,1.712136984
5.176,25.90394211
5.178,10.46706486
5.18,3.763808012
5.182,27.60837746
5.184,4.959188461
5.186,-12.25211143
5.188,-19.94215584
5.19,-13.48763561
5.192,-21.79993057
5.194,-67.26036072
5.196,-40.27042389
5.198,-20.90872002
5.2,29.5536499
5.202,-1.986854315
5.204,-4.652610779
5.206,21.39842606
5.208,37.40647888
5.21,68.14495087
5.212,59.64350891
5.214,0.07047902
5.216,-26.12038803
5.218,-82.25590515
5.22,-90.8361969
5.222,-205.9546814
5.224,-138.4525299
5.226,-152.8034515
5.228,-74.59577179
5.23,-46.74636078
5.232,-24.17969322
5.234,-18.55377388
5.236,4.053131104
5.238,-47.13882065
5.24,-38.7028923
5.242,-84.02119446
5.244,-109.375412
5.246,-64.29292297
5.248,-123.8013306
5.25,4.351064682
5.252,24.03373528
5.254,76.42695618
5.256,152.8908386
5.258,137.4238281
5.26,189.2159576
5.262,74.07582855
5.264,219.0060883
5.266,181.9765015
5.268,103.5236435
5.27,93.94180298
5.272,23.73615837
5.274,-2.134667158
5.276,18.23289108
5.278,60.8597374
5.28,38.5931015
5.282,-65.48860931
5.284,-52.06624603
5.286,56.57427979
5.288,78.41008759
5.29,174.1143646
5.292,142.4902802
5.294,81.20000458
5.296,25.80091286
5.298,58.5144043
5.3,66.23149109
5.302,3.897363424
5.304,-16.66404533
5.306,-7.923046112
5.308,15.80231953
5.31,41.43429184
5.312,-67.44892883
5.314,-139.4840851
5.316,-75.05338287
5.318,-44.59223938
5.32,-71.55937195
5.322,-92.59481812
5.324,-73.60019684
5.326,-52.05422974
5.328,11.71174431
5.33,86.27204895
5.332,131.555542
5.334,4.851071835
5.336,47.36367798
5.338,6.076438427
5.34,-147.0538483
5.342,-89.43045044
5.344,14.74750519
5.346,-20.88209724
5.348,33.10528946
5.35,112.5675354
5.352,103.2106094
5.354,43.01036453
5.356,1.882188439
5.358,-34.23772049
5.36,-14.86388683
5.362,49.27034378
5.364,8.062526703
5.366,-31.81721115
5.368,65.14493561
5.37,114.3302917
5.372,147.6581573
5.374,119.5477295
5.376,73.09841156
5.378,-22.12737274
5.38,17.94133186
5.382,71.69007874
5.384,98.97783661
5.386,105.3237839
5.388,98.79767609
5.39,41.34522247
5.392,129.855545
5.394,246.9824982
5.396,217.3919983
5.398,159.0363312
5.4,126.5140076
5.402,152.6052399
5.404,131.0473785
5.406,117.9547119
5.408,141.6065826
5.41,65.78121185
5.412,17.647995
5.414,68.62171936
5.416,113.3489914
5.418,169.7740479
5.42,174.5515594
5.422,129.4228058
5.424,118.768219
5.426,109.7056885
5.428,69.26091003
5.43,44.79830551
5.432,110.3706818
5.434,103.4008026
5.436,64.28508759
5.438,53.45119095
5.44,35.00011826
5.442,-39.758461
5.444,-72.2636795
5.446,56.64434433
5.448,129.122757
5.45,140.2511749
5.452,55.85397339
5.454,154.1513214
5.456,191.9326935
5.458,62.70701218
5.46,-64.75492859
5.462,-85.20449066
5.464,-50.19513702
5.466,-97.97693634
5.468,-55.22573853
5.47,-21.48337746
5.472,-43.24759674
5.474,-17.70732498
5.476,-51.92188644
5.478,-106.914566
5.48,-39.40076828
5.482,-92.54265594
5.484,-133.2733459
5.486,-65.16236877
5.488,-3.779390335
5.49,42.60368729
5.492,-52.77580643
5.494,-61.82862473
5.496,-80.40052795
5.498,-143.3681488
5.5,-132.3498535
5.502,-51.78155899
5.504,-78.3120575
5.506,-97.66127777
5.508,-116.1123047
5.51,-165.4267731
5.512,-159.7394714
5.514,-174.613739
5.516,-133.6169586
5.518,-21.27467346
5.52,46.09752655
5.522,46.74174118
5.524,-12.82836342
5.526,-76.80211639
5.528,-72.98513031
5.53,-17.4683075
5.532,-25.32219315
5.534,60.40095139
5.536,62.48720551
5.538,-55.6774292
5.54,-99.82579041
5.542,-113.332756
5.544,-90.49491119
5.546,-20.83754158
5.548,-60.51779938
5.55,-43.36490631
5.552,-35.50824738
5.554,-93.25229645
5.556,-144.7914581
5.558,-69.84096527
5.56,-37.14357758
5.562,-64.55711365
5.564,-119.0492096
5.566,-128.6591949
5.568,-123.2123795
5.57,-156.4891815
5.572,-119.6894684
5.574,-97.52313232
5.576,-120.561409
5.578,-130.102066
5.58,-150.4862213
5.582,-142.7426605
5.584,-121.6660461
5.586,-144.8262177
5.588,-132.8900909
5.59,-118.3199997
5.592,-86.10085297
5.594,-149.6024933
5.596,-218.0446014
5.598,-235.6992035
5.6,-179.1882477
5.602,-140.2076111
5.604,-190.7728577
5.606,-153.2286987
5.608,-105.1094589
5.61,-67.76225281
5.612,-101.6637344
5.614,-132.9469452
5.616,-101.8911819
5.618,-113.9051971
5.62,-41.668293
5.622,-45.31907272
5.624,-82.37731171
5.626,-62.14459229
5.628,-114.7245865
5.63,-61.23049164
5.632,15.33007622
5.634,-59.20212936
5.636,-23.465168
5.638,21.80876732
5.64,-84.33621979
5.642,-42.82731247
5.644,-26.23371506
5.646,-55.5546875
5.648,111.8169174
5.65,6.688967228
5.652,-34.20950699
5.654,55.00619125
5.656,99.36669922
5.658,118.0938721
5.66,183.1456909
5.662,137.2074127
5.664,43.55356598
5.666,-52.33957291
5.668,-38.4642067
5.67,-4.720108986
5.672,-31.72596931
5.674,-67.84436798
5.676,-6.138366699
5.678,48.6451416
5.68,1.546190858
5.682,-10.98513412
5.684,-89.05020142
5.686,-35.47322464
5.688,-91.34149933
5.69,-16.38490105
5.692,142.5821533
5.694,58.26501846
5.696,9.343287468
5.698,58.06227493
5.7,59.02978134
5.702,82.57866669
5.704,113.1496506
5.706,79.35169983
5.708,118.5405273
5.71,123.8954315
5.712,111.7762909
5.714,76.65120697
5.716,92.80445099
5.718,68.067276
5.72,-20.97407913
5.722,-20.58296394
5.724,2.521644831
5.726,-12.35351276
5.728,-38.27720261
5.73,-24.58756065
5.732,-19.35004997
5.734,-78.80014038
5.736,-54.62931442
5.738,-46.21188354
5.74,-86.36692047
5.742,-63.97186661
5.744,-24.75933266
5.746,16.07962227
5.748,-55.73102188
5.75,53.87070084
5.752,17.1472702
5.754,54.59671402
5.756,97.53364563
5.758,110.5907822
5.76,132.1018982
5.762,112.3406601
5.764,76.56356049
5.766,120.4292908
5.768,36.78800964
5.77,103.1309814
5.772,184.669693
5.774,156.8033295
5.776,206.6381683
5.778,249.8731384
5.78,88.06600952
5.782,82.62754822
5.784,85.20943451
5.786,58.30677414
5.788,20.33034134
5.79,21.30565071
5.792,115.961853
5.794,142.2468262
5.796,109.681076
5.798,73.79225922
5.8,69.29631042
5.802,74.15570831
5.804,102.3062057
5.806,59.78422928
5.808,24.95059395
5.81,41.65829849
5.812,31.42268562
5.814,-51.61494827
5.816,-116.4382477
5.818,-81.1047821
5.82,-9.988411903
5.822,-68.11562347
5.824,-97.99355316
5.826,-170.3356628
5.828,-190.901886
5.83,-192.1229858
5.832,-222.3569489
5.834,-234.8565521
5.836,-170.7047729
5.838,-192.7844086
5.84,-201.5750427
5.842,-108.8529205
5.844,-117.8370514
5.846,-102.8943481
5.848,-119.9268646
5.85,-105.2358322
5.852,-94.2959671
5.854,-75.40280151
5.856,-89.99388885
5.858,15.73119259
5.86,23.3651638
5.862,18.9881916
5.864,56.50185013
5.866,64.75121307
5.868,111.3234253
5.87,86.83203125
5.872,-10.5123148
5.874,113.4289627
5.876,101.971344
5.878,28.73495483
5.88,80.0187149
5.882,117.3626175
5.884,100.0249405
5.886,45.53721619
5.888,75.0482254
5.89,48.9224205
5.892,2.608191729
5.894,-0.315644503
5.896,-23.15600204
5.898,29.09416771
5.9,60.4587326
5.902,100.6455917
5.904,74.77209473
5.906,73.74620056
5.908,53.52430344
5.91,99.43841553
5.912,106.7722778
5.914,113.6429901
5.916,108.397171
5.918,66.68273163
5.92,75.25077057
5.922,99.06738281
5.924,104.9213638
5.926,55.15513229
5.928,21.62940788
5.93,-49.69748306
5.932,-111.4573364
5.934,-79.92311096
5.936,-77.41427612
5.938,-79.6317749
5.94,-92.95175934
5.942,0.569894671
5.944,-50.78159714
5.946,-136.5285187
5.948,-142.4603882
5.95,-122.0676498
5.952,-109.8543549
5.954,-77.57865906
5.956,-67.96800232
5.958,-99.8605957
5.96,-116.1715012
5.962,-140.3083649
5.964,-122.6493912
5.966,-116.8274155
5.968,-145.0209961
5.97,-144.1249084
5.972,-162.1730652
5.974,-165.5866699
5.976,-71.9954834
5.978,-100.6380692
5.98,-73.56526184
5.982,-19.41310883
5.984,-63.6516571
5.986,-71.0188446
5.988,-56.02818298
5.99,-64.07371521
5.992,-87.87456512
5.994,-63.87461472
5.996,-103.4979858
5.998,-171.9073029
6,-186.9905701
6.002,-213.8742676
6.004,-191.0642395
6.006,-158.1247406
6.008,-77.4324646
6.01,-51.50550079
6.012,-28.48418617
6.014,-12.17693996
6.016,15.82558918
6.018,-38.54193115
6.02,-82.59011841
6.022,-143.6387482
6.024,-99.4990387
6.026,23.73779106
6.028,23.24613571
6.03,-2.376699209
6.032,56.12060165
6.034,15.13490486
6.036,-10.54688454
6.038,11.26464462
6.04,-32.40863419
6.042,-34.20827484
6.044,-21.04472351
6.046,10.27187634
6.048,59.5541687
6.05,28.31813622
6.052,37.39592743
6.054,75.9557724
6.056,94.12430573
6.058,46.2594986
6.06,65.18605804
6.062,54.01820374
6.064,135.368515
6.066,195.6496124
6.068,158.1177979
6.07,72.01940155
6.072,0.129517734
6.074,6.543090343
6.076,60.56216812
6.078,28.02701759
6.08,-9.719959259
6.082,-54.49588776
6.084,-26.23625755
6.086,-38.90929794
6.088,-153.4807281
6.09,-208.2162933
6.092,-154.3129883
6.094,-93.24179077
6.096,22.22252274
6.098,-18.49261093
6.1,-86.46676636
6.102,-38.54912567
6.104,-57.37013626
6.106,-71.58765411
6.108,-56.3802681
6.11,-107.5767136
6.112,-97.24986267
6.114,-15.57707882
6.116,-67.39446259
6.118,-120.9343872
6.12,-74.2199173
6.122,35.14179611
6.124,-1.457085967
6.126,47.22643661
6.128,90.69219971
6.13,19.77053642
6.132,-53.43138504
6.134,-171.7096863
6.136,-107.7124939
6.138,-70.16907501
6.14,-25.72868347
6.142,-57.69297409
6.144,-103.0066605
6.146,-232.9795227
6.148,-233.6985626
6.15,-99.77381134
6.152,-114.2885361
6.154,-72.33702087
6.156,-41.14625549
6.158,-70.80956268
6.16,-51.45565796
6.162,-84.06598663
6.164,-118.8865662
6.166,12.17576504
6.168,66.0220108
6.17,73.05740356
6.172,107.3939285
6.174,198.7766418
6.176,126.9668579
6.178,114.4122314
6.18,139.5973206
6.182,140.6465302
6.184,194.6818542
6.186,229.9837036
6.188,153.9327087
6.19,147.901001
6.192,130.307373
6.194,184.3504944
6.196,130.7555847
6.198,123.5330963
6.2,145.0624084
6.202,63.68244171
6.204,97.4239502
6.206,115.8575745
6.208,22.1485424
6.21,51.90034866
6.212,57.91077805
6.214,14.15809345
6.216,-21.22609138
6.218,40.20171738
6.22,32.57916641
6.222,25.31384277
6.224,73.99476624
6.226,94.25722504
6.228,72.8862915
6.23,87.39533234
6.232,74.62499237
6.234,78.3596344
6.236,-45.40835953
6.238,-19.32511711
6.24,106.914917
6.242,138.5778809
6.244,111.2408905
6.246,-8.993795395
6.248,22.8215065
6.25,92.40238953
6.252,2.455071449
6.254,-18.95597458
6.256,-73.78340149
6.258,-23.88733864
6.26,32.56644058
6.262,21.64387131
6.264,55.25585556
6.266,-23.56891441
6.268,-73.07213593
6.27,-84.90968323
6.272,-98.6062088
6.274,-122.6329956
6.276,-143.3201447
6.278,-184.950943
6.28,-90.07611847
6.282,2.880021572
6.284,-14.90685558
6.286,-79.88949585
6.288,-86.20081329
6.29,24.4058094
6.292,32.89664841
6.294,-24.23412704
6.296,98.10991669
6.298,68.82035065
6.3,230.3136292
6.302,238.3498077
6.304,82.17001343
6.306,82.93651581
6.308,187.5245514
6.31,93.02750397
6.312,34.27672577
6.314,2.582197905
6.316,-65.47163391
6.318,-33.19175339
6.32,124.8570251
6.322,173.5148315
6.324,107.4606781
6.326,88.07250214
6.328,48.54372787
6.33,16.93923378
6.332,131.2865601
6.334,33.72714996
6.336,2.570317984
6.338,-58.08018875
6.34,-16.05417633
6.342,-28.54871178
6.344,-22.18430901
6.346,66.38768005
6.348,35.32323837
6.35,-2.000980139
6.352,15.34044456
6.354,91.38011932
6.356,106.2545776
6.358,83.08271027
6.36,5.51443243
6.362,47.38594437
6.364,-16.28399277
6.366,75.52423096
6.368,80.37657928
6.37,154.6891327
6.372,137.0337982
6.374,45.23036194
6.376,-2.573551655
6.378,-19.63204193
6.38,77.67311859
6.382,77.27713013
6.384,31.45811462
6.386,-63.65324783
6.388,45.17332077
6.39,70.91275024
6.392,56.33943939
6.394,72.34694672
6.396,32.29314804
6.398,73.67739868
6.4,138.7313995
6.402,171.5498047
6.404,129.276474
6.406,68.95462036
6.408,-56.31959534
6.41,-5.644793987
6.412,-90.64244843
6.414,-35.88861465
6.416,41.87534332
6.418,-90.3469696
6.42,-64.33501434
6.422,-69.89071655
6.424,-37.09862518
6.426,53.07464981
6.428,78.51807404
6.43,43.59786606
6.432,12.00048351
6.434,18.83475876
6.436,17.67174149
6.438,-41.84575653
6.44,-70.79840851
6.442,23.69806099
6.444,9.373180389
6.446,-20.71245766
6.448,77.8332901
6.45,62.77637482
6.452,91.44823456
6.454,102.0025711
6.456,104.8309555
6.458,62.34970474
6.46,70.00383759
6.462,148.9024048
6.464,111.4403229
6.466,18.09525681
6.468,23.60135841
6.47,31.19423103
6.472,150.6966705
6.474,142.1881104
6.476,136.6271667
6.478,103.1898193
6.48,95.17419434
6.482,10.09150028
6.484,149.7167053
6.486,190.0741425
6.488,197.577652
6.49,98.40703583
6.492,61.19446182
6.494,-74.49429321
6.496,-10.73553848
6.498,90.28504944
6.5,81.08876038
6.502,63.84680176
6.504,76.47460175
6.506,99.53338623
6.508,127.8655853
6.51,128.7623138
6.512,88.14539337
6.514,2.017075062
6.516,-80.29981995
6.518,-123.9598923
6.52,-89.80045319
6.522,19.92281532
6.524,42.09179688
6.526,50.20009613
6.528,80.65480042
6.53,37.52098846
6.532,67.89439392
6.534,75.51377869
6.536,13.56820583
6.538,17.8560257
6.54,11.29666042
6.542,-55.29138184
6.544,-34.88504028
6.546,-21.66957664
6.548,-30.02911377
6.55,-10.56973076
6.552,-103.0494385
6.554,-176.264679
6.556,-189.7843475
6.558,-175.3278351
6.56,-82.72387695
6.562,-11.54538536
6.564,76.8605423
6.566,-40.8578186
6.568,-1.454349041
6.57,-66.96835327
6.572,-120.794632
6.574,48.8638382
6.576,186.863266
6.578,177.8697968
6.58,211.897522
6.582,203.556488
6.584,125.3452606
6.586,75.62290955
6.588,201.0658722
6.59,164.9602051
6.592,212.3783875
6.594,153.4059448
6.596,166.3933411
6.598,252.3010406
6.6,167.4881439
6.602,168.3002777
6.604,124.4837112
6.606,1.408788204
6.608,46.56047058
6.61,87.97080994
6.612,15.37695217
6.614,31.60890961
6.616,32.97299576
6.618,-41.80169296
6.62,-33.3191185
6.622,26.24372864
6.624,40.89807892
6.626,79.90609741
6.628,99.12969208
6.63,0.726822972
6.632,61.59972
6.634,81.95046997
6.636,102.9015503
6.638,60.78909302
6.64,15.61937809
6.642,-34.14282608
6.644,-23.42058945
6.646,-70.61527252
6.648,-5.705142021
6.65,24.9156456
6.652,78.08670807
6.654,26.01869011
6.656,21.01965141
6.658,-1.635168552
6.66,-78.94892883
6.662,-120.9670486
6.664,-104.0994644
6.666,-178.9069061
6.668,-230.2440033
6.67,-210.8950195
6.672,-143.6115112
6.674,-113.296669
6.676,-227.2684021
6.678,-260.6136475
6.68,-294.4620361
6.682,-185.9925537
6.684,-230.8173981
6.686,-193.6046753
6.688,-145.0348206
6.69,-106.5703125
6.692,-55.38438034
6.694,-30.22437096
6.696,-59.98817444
6.698,-75.87210083
6.7,-91.8937912
6.702,-77.88839722
6.704,5.855840206
6.706,-4.941643715
6.708,13.44117737
6.71,40.30454254
6.712,58.65710068
6.714,81.50151062
6.716,46.91585541
6.718,129.5117188
6.72,163.5171509
6.722,143.4506531
6.724,53.03114319
6.726,-0.578238606
6.728,5.621528149
6.73,-9.038986206
6.732,26.68568039
6.734,-9.202197075
6.736,-42.0206604
6.738,-2.881957769
6.74,-25.50526619
6.742,64.65779114
6.744,65.22639465
6.746,118.6881027
6.748,3.669195175
6.75,-29.06453323
6.752,-89.93872833
6.754,-72.59063721
6.756,-41.54658127
6.758,20.79484749
6.76,23.20965958
6.762,-33.26596832
6.764,-122.4985046
6.766,-89.22733307
6.768,1.20844698
6.77,-36.08070374
6.772,-122.4348221
6.774,-165.9779053
6.776,-170.5547638
6.778,-138.2562103
6.78,-108.3411865
6.782,-85.24203491
6.784,-186.2694244
6.786,-151.6932983
6.788,-210.9015808
6.79,-185.8874054
6.792,-103.4857025
6.794,-156.8673401
6.796,-140.5576324
6.798,-65.96741486
6.8,-163.8942719
6.802,-126.9480972
6.804,-222.6258392
6.806,-75.59250641
6.808,-175.5271149
6.81,-11.10822678
6.812,69.43725586
6.814,-34.19720078
6.816,-13.85086632
6.818,-17.67366028
6.82,-91.09554291
6.822,-88.58507538
6.824,5.773821354
6.826,116.0559692
6.828,142.8480377
6.83,116.5950699
6.832,108.1974106
6.834,21.67908669
6.836,14.19087505
6.838,35.53222656
6.84,47.49781418
6.842,101.1161728
6.844,61.50118637
6.846,-43.77982712
6.848,72.64888
6.85,68.15562439
6.852,22.45774078
6.854,51.91058731
6.856,33.60458755
6.858,61.89645004
6.86,93.01168823
6.862,54.92259979
6.864,18.13290405
6.866,-70.15641022
6.868,-105.9196091
6.87,-98.09748077
6.872,-96.48912048
6.874,-62.21401596
6.876,13.69440746
6.878,42.00007248
6.88,57.24039841
6.882,32.13424683
6.884,-73.68772125
6.886,-79.61164093
6.888,-65.481987
6.89,-25.51197433
6.892,-47.20877838
6.894,-191.3975067
6.896,-122.1158218
6.898,40.57181549
6.9,16.37978363
6.902,18.9955101
6.904,6.677109718
6.906,6.864550591
6.908,-3.584340334
6.91,-79.1325531
6.912,-177.9875488
6.914,-205.4813385
6.916,-150.6560516
6.918,-135.4767609
6.92,-117.7299728
6.922,-95.6803894
6.924,-92.63294983
6.926,-29.00201797
6.928,-39.34809875
6.93,-46.85982132
6.932,-73.67740631
6.934,-71.01498413
6.936,-143.1533661
6.938,-144.754715
6.94,-188.0158234
6.942,-193.3999176
6.944,-158.6558533
6.946,-227.0192261
6.948,-200.5874023
6.95,-152.524826
6.952,-96.29608154
6.954,-140.3954468
6.956,-169.8137665
6.958,-161.097702
6.96,-169.5889282
6.962,-214.8952637
6.964,-173.6837616
6.966,-81.95539856
6.968,-46.16062546
6.97,-56.07009506
6.972,-91.09146881
6.974,-116.9229431
6.976,-107.2084045
6.978,-73.24514771
6.98,-93.18366241
6.982,-0.490777642
6.984,58.61743164
6.986,51.43009567
6.988,46.57716751
6.99,20.8876915
6.992,48.69384384
6.994,18.3530426
6.996,26.52885056
6.998,46.77833557
7,142.0383301
7.002,32.67326355
7.004,-31.57078552
7.006,-92.68077087
7.008,-156.6292877
7.01,-173.1098633
7.012,-154.3337402
7.014,-127.688118
7.016,-144.5529022
7.018,-95.6729126
7.02,-81.06599426
7.022,-49.38288498
7.024,-74.69436646
7.026,-80.41165161
7.028,-84.13611603
7.03,-72.90155029
7.032,-35.50413132
7.034,12.94861794
7.036,11.18900204
7.038,-64.8432312
7.04,-90.01078796
7.042,-52.05807495
7.044,-54.61972809
7.046,-50.64889908
7.048,-95.33855438
7.05,-93.93032837
7.052,-143.2685699
7.054,-63.83305359
7.056,-55.11033249
7.058,-58.30783463
7.06,-93.29124451
7.062,-132.8084412
7.064,-166.4693604
7.066,-182.5213165
7.068,-186.6670837
7.07,-207.9355927
7.072,-159.9584808
7.074,-155.5632629
7.076,-100.7042999
7.078,32.37378693
7.08,3.701983213
7.082,26.6920929
7.084,-51.42769241
7.086,-124.7633362
7.088,-140.4963837
7.09,-88.19818878
7.092,-72.95085144
7.094,-89.28665161
7.096,-90.19647217
7.098,-31.93773842
7.1,-25.77432823
7.102,-30.95172691
7.104,0.149066627
7.106,-10.97614574
7.108,-28.1785965
7.11,-24.38527298
7.112,-18.86873817
7.114,-111.1501617
7.116,-94.4240036
7.118,-68.18399811
7.12,-79.2775116
7.122,-52.3335228
7.124,-78.95146179
7.126,1.625918388
7.128,-16.786129
7.13,-78.76486206
7.132,-127.3575287
7.134,-175.928833
7.136,-188.1134033
7.138,-162.3504791
7.14,-84.57585144
7.142,-106.5159988
7.144,-90.85202789
7.146,-88.97355652
7.148,-124.7157516
7.15,-121.57724
7.152,-132.302597
7.154,-195.2426147
7.156,-188.9779358
7.158,-207.5518341
7.16,-121.9394989
7.162,-169.8179321
7.164,-171.5157928
7.166,-168.464325
7.168,-133.4201508
7.17,-141.2944794
7.172,-82.82951355
7.174,-114.1281891
7.176,-137.5580597
7.178,-90.53117371
7.18,-23.96283913
7.182,-44.51674271
7.184,-68.24475098
7.186,-100.3811951
7.188,-134.6378937
7.19,-156.7029724
7.192,-159.6690216
7.194,-218.8352814
7.196,-81.7984848
7.198,-20.74811363
7.2,-82.28376007
7.202,-131.2763977
7.204,-151.818573
7.206,-191.3476563
7.208,-156.5785522
7.21,-199.2107086
7.212,-186.6638947
7.214,-130.1703796
7.216,-67.6576767
7.218,-72.94348907
7.22,-36.29228973
7.222,-120.0123672
7.224,-72.88183594
7.226,41.5408783
7.228,34.53453827
7.23,-77.99729919
7.232,-62.3001442
7.234,24.09208488
7.236,33.31700516
7.238,20.94660187
7.24,-5.082282066
7.242,-45.0184021
7.244,-52.58896255
7.246,-15.39470673
7.248,-48.04663849
7.25,-23.05776596
7.252,-38.67717361
7.254,-60.63948059
7.256,-95.38476563
7.258,-54.19856262
7.26,-68.50914001
7.262,-24.60730553
7.264,5.669136047
7.266,-43.74998856
7.268,-40.43865204
7.27,-85.89250946
7.272,-63.42116165
7.274,-26.86210632
7.276,-50.87074661
7.278,-5.197885036
7.28,23.53084373
7.282,-0.187772915
7.284,-64.54575348
7.286,-107.9671555
7.288,-229.8772583
7.29,-291.2313843
7.292,-210.2573395
7.294,-120.524147
7.296,-111.9864655
7.298,-96.69748688
7.3,-106.97229
7.302,-137.3169098
7.304,-160.6037445
7.306,-78.54935455
7.308,-81.51386261
7.31,-34.16226578
7.312,-72.74545288
7.314,-146.3079224
7.316,-118.3171921
7.318,-77.24064636
7.32,-32.37911606
7.322,9.08322525
7.324,41.9913826
7.326,67.05426788
7.328,122.8368378
7.33,117.5582428
7.332,48.70559311
7.334,82.97550964
7.336,73.86574554
7.338,139.4650574
7.34,98.61426544
7.342,101.7540054
7.344,90.47200012
7.346,91.52248383
7.348,189.9537201
7.35,228.1679077
7.352,236.9597473
7.354,40.67124176
7.356,3.856642723
7.358,-8.98182106
7.36,-12.14877605
7.362,19.16776848
7.364,87.08144379
7.366,131.8989868
7.368,34.88057327
7.37,43.19192886
7.372,32.07106781
7.374,68.54663086
7.376,0.61083591
7.378,12.57398319
7.38,37.37708282
7.382,48.53476334
7.384,106.8524933
7.386,152.7644196
7.388,134.4960175
7.39,86.59103394
7.392,134.0273438
7.394,136.2281952
7.396,181.6077271
7.398,159.1944275
7.4,37.7154007
7.402,-34.41635513
7.404,-83.70353699
7.406,50.18919373
7.408,77.82194519
7.41,48.80992508
7.412,-53.52462387
7.414,-117.0887451
7.416,-83.09875488
7.418,-69.96743011
7.42,-97.14463806
7.422,-154.4726257
7.424,-80.56351471
7.426,-82.82787323
7.428,-49.13843155
7.43,-62.51286697
7.432,-22.42252159
7.434,114.6154938
7.436,178.9366302
7.438,154.8428955
7.44,117.80616
7.442,120.2407837
7.444,85.61087036
7.446,142.9682617
7.448,227.470459
7.45,200.385025
7.452,158.2975159
7.454,112.7274017
7.456,124.7643204
7.458,153.4397583
7.46,224.3023834
7.462,264.7922974
7.464,296.6733398
7.466,282.4680481
7.468,206.554657
7.47,97.47447968
7.472,95.16397858
7.474,147.5890045
7.476,235.2743073
7.478,244.2198486
7.48,139.5866089
7.482,80.5927124
7.484,72.14456177
7.486,89.34026337
7.488,108.2653503
7.49,180.9571075
7.492,158.0880585
7.494,69.50938416
7.496,44.72084045
7.498,-70.45085144
7.5,-29.06808853
7.502,88.53234863
7.504,103.6583786
7.506,50.98336792
7.508,72.01352692
7.51,40.61697388
7.512,79.48783875
7.514,57.85450745
7.516,18.92117882
7.518,-47.19183731
7.52,-111.4430542
7.522,-143.3279114
7.524,-114.3899994
7.526,-144.5404358
7.528,-114.2522583
7.53,-244.7193451
7.532,-203.2331085
7.534,-161.9777069
7.536,-154.0856934
7.538,-4.02594471
7.54,-42.06573486
7.542,37.95178223
7.544,-19.39583206
7.546,87.07733917
7.548,131.3987122
7.55,81.7927475
7.552,114.0179825
7.554,248.5155487
7.556,249.8545227
7.558,174.7683411
7.56,230.2790527
7.562,222.5778198
7.564,169.3050232
7.566,116.0780029
7.568,155.9589386
7.57,148.8314667
7.572,222.9711761
7.574,235.3973236
7.576,146.6897888
7.578,109.9205399
7.58,120.8093262
7.582,115.8873138
7.584,38.73025894
7.586,13.89768982
7.588,-26.85144615
7.59,-82.6810379
7.592,-57.16566086
7.594,-34.88665009
7.596,55.50812149
7.598,136.4059296
7.6,101.2031479
7.602,18.29768372
7.604,-30.86973572
7.606,-82.77959442
7.608,-70.034729
7.61,-53.91604233
7.612,-32.77128983
7.614,-20.24533272
7.616,-3.750681639
7.618,2.735947371
7.62,-138.6258698
7.622,-151.1234436
7.624,-48.91108704
7.626,18.95970917
7.628,11.29692078
7.63,-81.07090759
7.632,-144.7593842
7.634,-150.6959686
7.636,-118.066246
7.638,-71.77326202
7.64,-87.52770233
7.642,-74.05905151
7.644,-74.12354279
7.646,-116.9511032
7.648,-140.0936127
7.65,-86.69252777
7.652,-3.162737608
7.654,-53.20440292
7.656,-103.2216339
7.658,-166.5253601
7.66,-141.2385406
7.662,-130.3208771
7.664,-105.2128143
7.666,-48.4140892
7.668,-32.13777924
7.67,-50.65906906
7.672,-111.2655716
7.674,-121.4360428
7.676,-123.8358459
7.678,-105.7130737
7.68,-91.19629669
7.682,-64.17140198
7.684,-73.37016296
7.686,-76.23045349
7.688,-64.08332825
7.69,-7.152028084
7.692,131.7623138
7.694,133.6410675
7.696,79.52069855
7.698,47.09103775
7.7,76.37348938
7.702,103.0993118
7.704,95.6284256
7.706,67.02651215
7.708,27.63012505
7.71,51.81291199
7.712,60.17622757
7.714,18.65965462
7.716,-26.70593071
7.718,-9.665644646
7.72,-12.38215256
7.722,-44.11106873
7.724,-78.52008057
7.726,-18.90463448
7.728,7.380175591
7.73,27.79169464
7.732,-14.4342289
7.734,8.451319695
7.736,2.261100292
7.738,67.8841629
7.74,86.0597229
7.742,61.92602158
7.744,7.71363163
7.746,15.95850563
7.748,11.43847942
7.75,-80.44238281
7.752,-119.7230072
7.754,-142.4387054
7.756,-201.5652924
7.758,-182.3688507
7.76,-146.4506531
7.762,-116.4680862
7.764,-185.9680328
7.766,-106.8885803
7.768,-24.50224876
7.77,-70.45807648
7.772,-131.4705811
7.774,-108.3507156
7.776,-102.5847702
7.778,-26.22835732
7.78,38.91098404
7.782,95.34998322
7.784,91.45723724
7.786,34.71163559
7.788,68.58361053
7.79,27.78190041
7.792,11.88295746
7.794,10.70775223
7.796,-47.03456879
7.798,-27.64702225
7.8,43.17050552
7.802,47.21374893
7.804,45.54044342
7.806,99.67164612
7.808,146.7510071
7.81,161.0816193
7.812,167.2353973
7.814,114.7125168
7.816,105.8993301
7.818,73.63655853
7.82,60.69788742
7.822,114.7915955
7.824,166.1520996
7.826,187.2397461
7.828,172.1079865
7.83,22.10716248
7.832,58.13002777
7.834,62.11657333
7.836,28.36361885
7.838,47.46233368
7.84,88.07596588
7.842,68.21265411
7.844,185.5815735
7.846,164.0595703
7.848,235.1181793
7.85,200.2189941
7.852,139.4268494
7.854,109.4245834
7.856,59.05608749
7.858,84.09664154
7.86,100.4331589
7.862,55.88098526
7.864,20.47899246
7.866,25.64717484
7.868,50.23889923
7.87,50.71524429
7.872,62.5260582
7.874,54.88401794
7.876,80.73513031
7.878,82.81071472
7.88,135.0638428
7.882,164.6213074
7.884,112.3764572
7.886,56.37740707
7.888,-29.38570786
7.89,-77.25808716
7.892,-34.2023468
7.894,-97.50444794
7.896,-42.41938019
7.898,56.08874512
7.9,-47.62860489
7.902,1.177279472
7.904,27.1250267
7.906,53.14896011
7.908,63.21451569
7.91,92.17897797
7.912,96.48733521
7.914,107.0363922
7.916,63.8916626
7.918,42.8536377
7.92,87.94267273
7.922,128.9830475
7.924,21.47079086
7.926,58.89135742
7.928,140.2628326
7.93,184.7840271
7.932,105.5796356
7.934,59.07813644
7.936,27.86201286
7.938,92.94443512
7.94,152.0141449
7.942,126.6152802
7.944,120.7242889
7.946,116.9931564
7.948,67.70281982
7.95,13.94417
7.952,101.0920029
7.954,-0.997236133
7.956,-66.27290344
7.958,-23.0426693
7.96,80.62258911
7.962,141.086792
7.964,84.09275818
7.966,63.44798279
7.968,34.16226578
7.97,-28.20448303
7.972,-23.87976646
7.974,-4.118483067
7.976,23.88067436
7.978,36.45926666
7.98,63.17304611
7.982,9.451735497
7.984,-33.34243774
7.986,-42.6869278
7.988,-97.86013794
7.99,-48.52357101
7.992,-43.59111023
7.994,-60.27330399
7.996,-99.45439911
7.998,-92.80631256
8,-123.8200836
8.002,-129.6958923
8.004,-132.2660217
8.006,-159.2394714
8.008,-223.0872955
8.01,-154.4284668
8.012,-92.19002533
8.014,-104.9238739
8.016,-140.3549652
8.018,-60.56119537
8.02,-82.8707428
8.022,-84.65190125
8.024,26.57480431
8.026,19.48766518
8.028,22.29422188
8.03,-23.94543457
8.032,-24.7639904
8.034,66.23345184
8.036,120.431633
8.038,137.3503723
8.04,134.2666779
8.042,188.5322571
8.044,144.2925262
8.046,91.97528076
8.048,129.2323761
8.05,194.8408356
8.052,211.2002869
8.054,230.2870178
8.056,191.7269592
8.058,127.7608719
8.06,107.1417923
8.062,107.3963623
8.064,123.0813065
8.066,148.1388702
8.068,162.8043365
8.07,124.1993637
8.072,184.9908447
8.074,174.0396576
8.076,150.5836945
8.078,92.29150391
8.08,1.320307016
8.082,21.22086716
8.084,9.850171089
8.086,18.41122246
8.088,109.2207565
8.09,8.967954636
8.092,28.65230942
8.094,30.40971565
8.096,-10.19420242
8.098,20.59634018
8.1,-73.86399078
8.102,-126.555954
8.104,-133.0324249
8.106,-7.689335346
8.108,40.67442703
8.11,47.07145309
8.112,16.4811058
8.114,-41.70168686
8.116,-56.11911774
8.118,-81.72721863
8.12,-46.62017059
8.122,-13.22067928
8.124,-44.4628334
8.126,-31.64889336
8.128,-53.06283569
8.13,-51.05795288
8.132,-114.510994
8.134,-158.5630188
8.136,-190.0322571
8.138,-137.6624908
8.14,-110.4111938
8.142,-89.60987854
8.144,-99.27419281
8.146,-75.06128693
8.148,-81.82616425
8.15,-39.73356628
8.152,70.27901459
8.154,37.48942947
8.156,45.36850357
8.158,58.97600555
8.16,22.8823967
8.162,56.82519531
8.164,47.06698608
8.166,-3.535350323
8.168,85.94669342
8.17,48.80739594
8.172,81.71746826
8.174,117.4447174
8.176,97.54721069
8.178,124.7873154
8.18,9.450230598
8.182,-11.65296173
8.184,56.64049911
8.186,30.44823647
8.188,79.69978333
8.19,101.8670654
8.192,52.70388031
8.194,32.7124176
8.196,3.100099087
8.198,-53.27905655
8.2,-11.23817635
8.202,-0.355074525
8.204,-55.86738586
8.206,-44.02843857
8.208,-22.04672241
8.21,-5.079350471
8.212,-31.35138702
8.214,-34.51387787
8.216,-16.70804214
8.218,-9.221518517
8.22,-41.80987167
8.222,-20.06128883
8.224,-33.8121376
8.226,-25.23668861
8.228,5.806136131
8.23,-4.56749773
8.232,52.9936676
8.234,63.33716583
8.236,84.99119568
8.238,129.0428162
8.24,123.5245514
8.242,93.0513916
8.244,62.12107468
8.246,48.3860817
8.248,21.52665138
8.25,-2.797383785
8.252,-31.42089081
8.254,-111.8547897
8.256,-168.6001892
8.258,-92.76603699
8.26,-86.73218536
8.262,-111.9856415
8.264,-162.9239502
8.266,-80.06733704
8.268,-59.82400131
8.27,-15.69051933
8.272,-5.571504593
8.274,-69.34954834
8.276,-13.76613808
8.278,-3.60786581
8.28,-79.6754837
8.282,-93.15079498
8.284,-110.3042603
8.286,-2.064028263
8.288,144.0146179
8.29,192.8505249
8.292,254.9491425
8.294,195.2678223
8.296,179.2413025
8.298,199.4117126
8.3,221.1523438
8.302,186.4901428
8.304,172.2272644
8.306,82.26187134
8.308,39.41795731
8.31,112.5096436
8.312,120.3554459
8.314,140.4661255
8.316,225.1663971
8.318,179.7819519
8.32,168.6381683
8.322,159.7217102
8.324,173.4608765
8.326,87.94867706
8.328,50.27336502
8.33,65.36962891
8.332,74.82353973
8.334,94.39237213
8.336,128.0079956
8.338,190.4281769
8.34,259.1737671
8.342,174.6542053
8.344,171.117157
8.346,173.5337982
8.348,54.45185089
8.35,32.08734512
8.352,83.62592316
8.354,56.01979065
8.356,66.95032501
8.358,28.02812767
8.36,-23.27282333
8.362,-52.15327454
8.364,-28.21427727
8.366,72.50739288
8.368,44.11115265
8.37,-33.62915421
8.372,-17.8054924
8.374,15.94582748
8.376,-13.18244076
8.378,4.837326527
8.38,-72.91117096
8.382,-113.4222183
8.384,-163.3244019
8.386,-172.3775635
8.388,-181.5704346
8.39,-152.8392792
8.392,-114.7940445
8.394,-156.7333374
8.396,-184.3418274
8.398,-153.929718
8.4,-84.56724548
8.402,-165.8496704
8.404,-222.9980011
8.406,-94.42249298
8.408,-62.27139664
8.41,-47.45968246
8.412,-118.8222504
8.414,-98.49586487
8.416,-54.21793747
8.418,-18.91068459
8.42,17.45911789
8.422,-12.77484322
8.424,40.68904495
8.426,11.21148968
8.428,31.62706184
8.43,-2.388218164
8.432,-17.57618713
8.434,9.519891739
8.436,4.423596382
8.438,-4.675449848
8.44,124.3613434
8.442,130.6565704
8.444,62.53900528
8.446,44.82933426
8.448,22.36003685
8.45,45.72789764
8.452,65.21294403
8.454,5.380303383
8.456,2.229861975
8.458,118.5414276
8.46,102.1116486
8.462,56.99688339
8.464,-17.11467171
8.466,15.35663986
8.468,89.0168457
8.47,159.2576599
8.472,136.10672
8.474,57.35507584
8.476,65.43717194
8.478,77.5475235
8.48,50.03891373
8.482,54.03848267
8.484,99.60064697
8.486,61.23680496
8.488,40.58005524
8.49,116.1283112
8.492,216.7996674
8.494,220.0033569
8.496,177.9930573
8.498,112.1017532
8.5,71.33253479
8.502,67.46012878
8.504,129.2142792
8.506,133.2354126
8.508,172.3180695
8.51,117.8926086
8.512,55.79862976
8.514,27.96511078
8.516,-62.98456573
8.518,25.93009567
8.52,96.8035965
8.522,89.80476379
8.524,116.9377289
8.526,51.62837982
8.528,48.0617485
8.53,56.35012817
8.532,56.15646362
8.534,72.60557556
8.536,69.94503784
8.538,101.573494
8.54,89.55769348
8.542,63.73216248
8.544,-75.68673706
8.546,-100.4057465
8.548,-80.05593109
8.55,-39.8211174
8.552,-28.66437149
8.554,-25.56074524
8.556,-42.40894699
8.558,13.0179491
8.56,-13.9288168
8.562,4.862771988
8.564,55.56431961
8.566,84.13982391
8.568,73.17275238
8.57,148.2055969
8.572,163.0068512
8.574,123.6441345
8.576,132.8448486
8.578,91.92211151
8.58,80.10830688
8.582,36.24123383
8.584,26.23582077
8.586,25.59745789
8.588,53.68839264
8.59,118.3738861
8.592,184.5643311
8.594,233.794281
8.596,181.4273071
8.598,89.56915283
8.6,77.99203491
8.602,89.21819305
8.604,33.19986725
8.606,57.35789871
8.608,94.81629181
8.61,91.15299988
8.612,52.69766235
8.614,34.30978012
8.616,83.46752167
8.618,93.53791809
8.62,145.1786957
8.622,144.3144226
8.624,47.07292175
8.626,17.59573936
8.628,16.80497551
8.63,55.0616188
8.632,103.2994843
8.634,72.64139557
8.636,67.39441681
8.638,-15.88329601
8.64,-53.30044937
8.642,-8.45848465
8.644,3.027852297
8.646,-49.97538376
8.648,-63.38975525
8.65,-3.267671585
8.652,-4.078656197
8.654,-40.25648117
8.656,-11.6712265
8.658,-31.66276932
8.66,12.42018604
8.662,-28.66357803
8.664,27.24389458
8.666,81.83246613
8.668,64.52476501
8.67,-43.4306488
8.672,-80.23441315
8.674,-70.34597778
8.676,-45.29961777
8.678,-84.29961395
8.68,-61.25024414
8.682,-45.09522629
8.684,-21.73147202
8.686,16.0525074
8.688,25.8036232
8.69,-13.35026455
8.692,-9.283273697
8.694,45.6179657
8.696,-30.41942406
8.698,-28.45919418
8.7,-18.27795601
8.702,-9.779994965
8.704,51.84670258
8.706,43.92227173
8.708,10.37255955
8.71,74.19841766
8.712,82.42886353
8.714,95.58787537
8.716,100.8343277
8.718,95.35705566
8.72,137.4130249
8.722,169.1344452
8.724,171.7486572
8.726,117.5443497
8.728,34.65034485
8.73,18.57033539
8.732,112.6232758
8.734,189.5117798
8.736,223.8803101
8.738,145.7710571
8.74,129.1752014
8.742,121.1500473
8.744,130.4164886
8.746,186.7546997
8.748,181.6743774
8.75,59.95798111
8.752,-0.48436752
8.754,-17.93852043
8.756,-34.80484772
8.758,27.37835693
8.76,87.62815094
8.762,112.981163
8.764,50.1624794
8.766,7.387396336
8.768,-66.39510345
8.77,-31.75606537
8.772,-30.76281166
8.774,2.213374853
8.776,-84.70705414
8.778,-109.2282257
8.78,-109.4488068
8.782,-56.43989944
8.784,-33.98291397
8.786,20.78850365
8.788,-36.33839035
8.79,-25.65324783
8.792,-58.51744843
8.794,-100.2240372
8.796,-98.61981201
8.798,-207.93367
8.8,-127.1681976
8.802,-101.502121
8.804,-132.9319458
8.806,-174.2108917
8.808,-145.0875549
8.81,-80.92742157
8.812,-98.65379333
8.814,-43.57697678
8.816,35.44560623
8.818,-6.491743565
8.82,-80.78727722
8.822,-135.6876068
8.824,-127.0576706
8.826,-117.7132034
8.828,-88.59819031
8.83,-46.00765228
8.832,-106.4669266
8.834,-125.7970047
8.836,-113.038765
8.838,-109.587532
8.84,-67.64270782
8.842,-50.03125763
8.844,-71.47411346
8.846,-45.13315964
8.848,-57.76841354
8.85,-112.6357117
8.852,-122.0908661
8.854,-86.74794006
8.856,-90.14375305
8.858,-96.53938293
8.86,-96.99762726
8.862,-138.607605
8.864,-92.07082367
8.866,4.444322109
8.868,-85.66471863
8.87,-63.97696304
8.872,-64.78320313
8.874,-106.854866
8.876,-113.186058
8.878,-28.15716171
8.88,-21.96986771
8.882,-6.338390827
8.884,2.574388742
8.886,7.865027905
8.888,-85.62239075
8.89,-150.1169586
8.892,-175.3506165
8.894,-139.1565552
8.896,-97.12334442
8.898,-123.6881866
8.9,-104.3252106
8.902,-139.8984222
8.904,-242.632843
8.906,-144.7460938
8.908,-181.0128937
8.91,-117.8108139
8.912,-84.89703369
8.914,-134.584671
8.916,-171.7209473
8.918,-207.1289063
8.92,-169.6150055
8.922,-117.6697159
8.924,-154.1465149
8.926,-184.783371
8.928,-182.5736847
8.93,-229.2589264
8.932,-116.1098938
8.934,-115.9456482
8.936,-97.45327759
8.938,-190.383316
8.94,-160.4982452
8.942,-128.8539886
8.944,-71.12697601
8.946,-63.10497665
8.948,-37.15170288
8.95,-7.613291264
8.952,19.7260704
8.954,90.60741425
8.956,119.1820297
8.958,55.52412415
8.96,46.54199982
8.962,-13.34305286
8.964,40.65539551
8.966,58.11558914
8.968,57.05113602
8.97,33.97071075
8.972,169.6507111
8.974,208.2933655
8.976,173.662674
8.978,122.7369385
8.98,54.5223732
8.982,61.00920486
8.984,57.18422318
8.986,74.35607147
8.988,66.02249908
8.99,54.07965469
8.992,32.06625748
8.994,17.37805367
8.996,-25.8756752
8.998,-33.44348526
9,-54.65475845
9.002,-80.60831451
9.004,17.55779076
9.006,9.934891701
9.008,-8.431453705
9.01,18.54092979
9.012,4.741059303
9.014,-90.2882309
9.016,-81.85749054
9.018,-62.1150322
9.02,-77.64004517
9.022,-69.64937592
9.024,31.83167458
9.026,70.52048492
9.028,-3.070495129
9.03,-60.38028336
9.032,-47.24681091
9.034,-66.68371582
9.036,-61.28817368
9.038,-104.881813
9.04,-87.00302124
9.042,-21.18300056
9.044,63.99180603
9.046,60.54407883
9.048,35.34861755
9.05,18.24326134
9.052,-17.01345444
9.054,11.8708601
9.056,-45.19454956
9.058,11.43012238
9.06,47.61940002
9.062,37.60147858
9.064,10.6513443
9.066,20.06761932
9.068,44.46796036
9.07,-46.91287231
9.072,-85.71917725
9.074,-36.48748779
9.076,-0.885649681
9.078,57.07299423
9.08,18.81975937
9.082,23.17289543
9.084,83.68592072
9.086,76.30532074
9.088,77.67127991
9.09,59.55625534
9.092,128.1635742
9.094,67.0954895
9.096,96.53276825
9.098,150.9551086
9.1,192.5576019
9.102,248.1295319
9.104,133.430603
9.106,241.8394165
9.108,208.2038116
9.11,152.9391632
9.112,123.5336151
9.114,95.17655945
9.116,120.299614
9.118,135.4755096
9.12,97.34992218
9.122,88.54763031
9.124,95.52806854
9.126,146.6462097
9.128,73.21559143
9.13,65.86844635
9.132,95.12054443
9.134,55.84748077
9.136,91.24291229
9.138,65.27039337
9.14,22.78006363
9.142,61.09915924
9.144,47.67438889
9.146,-7.903335094
9.148,-70.1686554
9.15,-124.9328003
9.152,-145.0374146
9.154,-161.0587463
9.156,-147.4243317
9.158,-53.68709564
9.16,-22.3829422
9.162,-4.02758646
9.164,-31.45737076
9.166,-69.84178925
9.168,-28.09728241
9.17,-106.9637756
9.172,-116.678566
9.174,11.91609478
9.176,88.18736267
9.178,-32.63389969
9.18,-108.1160202
9.182,-88.24053192
9.184,-148.7317352
9.186,-56.86007309
9.188,-12.80931091
9.19,15.24454021
9.192,21.20934296
9.194,-25.78659439
9.196,-46.90198898
9.198,-17.69332695
9.2,-8.767051697
9.202,-33.68089294
9.204,-18.22664642
9.206,95.29857635
9.208,153.9310455
9.21,70.14982605
9.212,138.3478241
9.214,163.9911957
9.216,161.0104523
9.218,158.919632
9.22,136.0480042
9.222,176.3612976
9.224,181.5601349
9.226,104.0031357
9.228,86.24504089
9.23,48.06343842
9.232,82.87250519
9.234,90.73574829
9.236,117.4893799
9.238,193.3972015
9.24,221.5424957
9.242,251.432724
9.244,177.1724548
9.246,134.1768341
9.248,92.92166901
9.25,215.1317596
9.252,225.6077576
9.254,106.3601379
9.256,46.76631546
9.258,18.26385498
9.26,-48.45616913
9.262,-50.01299667
9.264,14.49786568
9.266,40.17636871
9.268,-22.68235397
9.27,17.95513535
9.272,91.8568573
9.274,97.17110443
9.276,79.41364288
9.278,35.24036789
9.28,-18.51127815
9.282,-6.502974033
9.284,42.41253662
9.286,42.56454468
9.288,-33.49774933
9.29,-55.57082748
9.292,-91.83274078
9.294,-61.2967186
9.296,-43.68503952
9.298,-5.269963264
9.3,50.24892807
9.302,16.37764931
9.304,-54.17912674
9.306,-93.10761261
9.308,-74.71835327
9.31,-7.636257648
9.312,60.76389694
9.314,72.71053314
9.316,94.77729034
9.318,68.19169617
9.32,34.32346344
9.322,-0.605036199
9.324,19.42604828
9.326,-14.59362316
9.328,-70.86167145
9.33,-16.13886642
9.332,68.1785202
9.334,71.54682159
9.336,28.5135479
9.338,21.05101395
9.34,-24.64298439
9.342,-57.25770569
9.344,-107.0099487
9.346,-125.5098038
9.348,-92.43671417
9.35,-46.16424179
9.352,-101.4753036
9.354,-140.4100342
9.356,-139.64151
9.358,-81.37571716
9.36,-106.7524948
9.362,-89.85312653
9.364,-72.32170105
9.366,-63.11584854
9.368,-60.59151077
9.37,-123.8227997
9.372,-148.7467194
9.374,-176.8441315
9.376,-175.7349548
9.378,-232.6952057
9.38,-246.3840942
9.382,-194.766983
9.384,-232.0081787
9.386,-238.4993134
9.388,-290.0073242
9.39,-288.9300232
9.392,-234.6494598
9.394,-212.4030151
9.396,-196.2810211
9.398,-242.4199982
9.4,-235.2871246
9.402,-207.1103668
9.404,-177.8856506
9.406,-188.8422241
9.408,-174.6907806
9.41,-158.4700623
9.412,-124.8574982
9.414,-158.3541565
9.416,-93.02235413
9.418,-94.90640259
9.42,-147.5297394
9.422,-245.1994934
9.424,-332.2823792
9.426,-349.5183105
9.428,-241.8650208
9.43,-217.1340637
9.432,-175.4960175
9.434,-152.0561066
9.436,-165.7485352
9.438,-154.1085968
9.44,-157.9831238
9.442,-119.6539383
9.444,-70.77122498
9.446,-40.12465668
9.448,-48.40563965
9.45,-81.27391815
9.452,-76.26194
9.454,-102.0772858
9.456,-104.1818008
9.458,-110.6803207
9.46,-83.33745575
9.462,-69.09355927
9.464,-78.26738739
9.466,-84.79933929
9.468,-99.90170288
9.47,-21.22094154
9.472,-7.020888329
9.474,-21.5069046
9.476,-22.43466377
9.478,-64.71807861
9.48,-81.23395538
9.482,-137.9706268
9.484,-49.6458168
9.486,-51.81287766
9.488,-102.5807724
9.49,-122.9025955
9.492,-85.78556061
9.494,-33.01818085
9.496,-59.3732605
9.498,-69.1499939
9.5,-148.6439667
9.502,-176.4352264
9.504,-121.2700424
9.506,-149.4029846
9.508,-132.0531921
9.51,-106.3095093
9.512,-150.2498932
9.514,-153.5845947
9.516,-167.0896454
9.518,-100.7330017
9.52,-103.9168625
9.522,-148.7775879
9.524,-146.3644562
9.526,-203.1069183
9.528,-220.4291687
9.53,-110.6778946
9.532,-15.2983036
9.534,22.03538513
9.536,92.53131866
9.538,112.3944168
9.54,163.1638336
9.542,89.02573395
9.544,63.09172821
9.546,77.32975006
9.548,1.365830421
9.55,97.40533447
9.552,150.2289429
9.554,167.3590393
9.556,158.0894775
9.558,238.33461
9.56,237.0207672
9.562,186.1353302
9.564,93.74292755
9.566,65.33589935
9.568,107.3957672
9.57,135.3222046
9.572,95.14157867
9.574,108.9002838
9.576,105.4602966
9.578,82.42377472
9.58,37.60828018
9.582,-6.311645985
9.584,-48.8278656
9.586,-80.57313538
9.588,-27.11161613
9.59,-10.29453182
9.592,69.95252228
9.594,71.23683929
9.596,91.38545227
9.598,48.09623718
9.6,17.71089935
9.602,-53.5495491
9.604,-32.06951904
9.606,15.74138355
9.608,43.01834869
9.61,-0.771086454
9.612,-59.85175323
9.614,-75.5450058
9.616,-19.1149826
9.618,-55.78055191
9.62,-24.90562439
9.622,-2.614777803
9.624,-82.59060669
9.626,-51.1647644
9.628,-74.15472412
9.63,-74.57557678
9.632,-36.40172195
9.634,-84.61022949
9.636,-151.6374817
9.638,-157.331665
9.64,-89.765625
9.642,-120.6606903
9.644,-74.2646637
9.646,-75.77128601
9.648,-95.39265442
9.65,-8.132318497
9.652,-51.68088913
9.654,-79.05704498
9.656,-38.9068718
9.658,-78.42373657
9.66,-127.2743073
9.662,-59.91113663
9.664,8.740354538
9.666,61.77145767
9.668,45.35582352
9.67,81.38057709
9.672,173.104187
9.674,228.924881
9.676,201.9025269
9.678,113.6443634
9.68,70.76754761
9.682,103.7833939
9.684,91.92875671
9.686,160.1703949
9.688,198.4106293
9.69,139.7197113
9.692,38.28756332
9.694,30.30409813
9.696,90.60643005
9.698,118.7538834
9.7,111.6455536
9.702,124.4150391
9.704,46.960289
9.706,-6.020454884
9.708,22.50279427
9.71,0.846186936
9.712,31.11479568
9.714,-2.262795448
9.716,-27.9696579
9.718,-128.3116913
9.72,-63.41890335
9.722,-32.99478149
9.724,35.4201622
9.726,104.7827911
9.728,48.66188812
9.73,14.95932865
9.732,7.477079391
9.734,55.26405334
9.736,-0.978434324
9.738,-44.79736328
9.74,-72.43125153
9.742,-66.174263
9.744,-59.2338829
9.746,-11.00956726
9.748,-18.79896736
9.75,23.03152084
9.752,-31.70410919
9.754,-85.87649536
9.756,-142.8757172
9.758,-87.21105957
9.76,-67.54496765
9.762,-29.84394836
9.764,1.580062389
9.766,-14.38992691
9.768,-77.55323792
9.77,-92.18544769
9.772,-80.27206421
9.774,-17.79045486
9.776,-17.82820892
9.778,16.42029762
9.78,-52.24794769
9.782,-25.44422722
9.784,10.82270145
9.786,-43.99048233
9.788,-18.76582146
9.79,-21.86124229
9.792,102.1752243
9.794,-6.15866375
9.796,-57.46575546
9.798,-59.16598892
9.8,-36.35092545
9.802,79.29807281
9.804,74.02045441
9.806,93.35607147
9.808,36.59891891
9.81,20.63532448
9.812,-94.59449005
9.814,-116.1786423
9.816,-154.3795929
9.818,-152.093338
9.82,-147.554245
9.822,-147.8383636
9.824,-152.9781799
9.826,-157.3661804
9.828,-133.9197998
9.83,-54.74000549
9.832,-20.54561615
9.834,-85.20665741
9.836,-23.09776115
9.838,51.88718414
9.84,58.07885742
9.842,49.06891251
9.844,105.8154144
9.846,74.56057739
9.848,31.79533768
9.85,25.84798431
9.852,47.69884872
9.854,170.8820953
9.856,151.243576
9.858,62.53249359
9.86,28.36494255
9.862,103.1965637
9.864,143.6475067
9.866,186.0052795
9.868,95.02947235
9.87,7.415565491
9.872,-43.47341156
9.874,-56.78567505
9.876,37.21167755
9.878,66.51972961
9.88,21.97608185
9.882,65.84656525
9.884,3.12331605
9.886,-50.20172882
9.888,-117.7570419
9.89,-68.07497406
9.892,-40.42405701
9.894,5.780842304
9.896,56.81481552
9.898,10.50319767
9.9,11.00637722
9.902,22.16441345
9.904,8.77354908
9.906,-4.068903446
9.908,-27.81755829
9.91,-88.90484619
9.912,-128.2342682
9.914,-100.6633224
9.916,-23.47311401
9.918,33.02547455
9.92,141.6768646
9.922,91.62558746
9.924,98.50669861
9.926,117.2906113
9.928,150.7959747
9.93,158.6286163
9.932,140.8036652
9.934,156.5815277
9.936,221.9944916
9.938,251.550354
9.94,196.120224
9.942,96.13387299
9.944,117.5877151
9.946,194.2063141
9.948,151.6887207
9.95,98.74091339
9.952,131.5982666
9.954,143.6390381
9.956,150.9792175
9.958,149.8084259
9.96,156.820694
9.962,108.0006104
9.964,56.76605988
9.966,75.21263885
9.968,141.0757446
9.97,132.370224
9.972,132.9283447
9.974,74.8782959
9.976,96.09856415
9.978,149.9398651
9.98,110.500946
9.982,53.08818054
9.984,49.56768036
9.986,83.08863831
9.988,46.77425766
9.99,71.31463623
9.992,62.21364212
9.994,49.83454132
9.996,-30.72445869